audio_file_stem,lyric_file_stem,quadrant,genres,popular_genre,label
MT0000008995,MT0000008995,Q3,"Blues,Jazz,Vocal",Jazz,2
MT0000011357,MT0000011357,Q2,"Electronic,International,Pop/Rock",Pop/Rock,0
MT0000026571,MT0000026571,Q4,Vocal,Vocal,6
MT0000027422,MT0000027422,Q3,Pop/Rock,Pop/Rock,0
MT0000031210,MT0000031210,Q3,"Blues,Jazz,Vocal",Jazz,2
MT0000038502,MT0000038502,Q2,Pop/Rock,Pop/Rock,0
MT0000040773,MT0000040773,Q1,"Easy Listening,Vocal",Vocal,6
MT0000045345,MT0000045345,Q1,R&B,R&B,3
MT0000066421,MT0000066421,Q4,"Country,Latin,Pop/Rock",Pop/Rock,0
MT0000080053,MT0000080053,Q1,Country,Country,1
MT0000082188,MT0000082188,Q3,Pop/Rock,Pop/Rock,0
MT0000089238,MT0000089238,Q2,Rap,Rap,4
MT0000089410,MT0000089410,Q4,"Easy Listening,Jazz,Pop/Rock",Pop/Rock,0
MT0000091401,MT0000091401,Q1,"Pop/Rock,Rock & Roll,Instrumental Rock",Pop/Rock,0
MT0000091781,MT0000091781,Q3,"Classical,Pop/Rock",Pop/Rock,0
MT0000093583,MT0000093583,Q1,"Electronic,R&B",Electronic,5
MT0000095414,MT0000095414,Q3,Pop/Rock,Pop/Rock,0
MT0000097948,MT0000097948,Q4,"Jazz,Vocal",Jazz,2
MT0000103049,MT0000103049,Q4,"Country,Religious",Country,1
MT0000103874,MT0000103874,Q1,"Country-Pop,Country",Country,1
MT0000105492,MT0000105492,Q1,"Electronic,Pop/Rock,R&B",Pop/Rock,0
MT0000117176,MT0000117176,Q4,"Jazz,Vocal",Jazz,2
MT0000119701,MT0000119701,Q4,"Jazz,Vocal",Jazz,2
MT0000124779,MT0000124779,Q3,Pop/Rock,Pop/Rock,0
MT0000128573,MT0000128573,Q1,"Holiday,Stage & Screen",Holiday,11
MT0000135916,MT0000135916,Q4,"Holiday,Vocal",Vocal,6
MT0000144160,MT0000144160,Q4,"Country,Holiday,Pop/Rock",Pop/Rock,0
MT0000145509,MT0000145509,Q2,Pop/Rock,Pop/Rock,0
MT0000147182,MT0000147182,Q4,Pop/Rock,Pop/Rock,0
MT0000151451,MT0000151451,Q4,"International,Pop/Rock",Pop/Rock,0
MT0000151529,MT0000151529,Q3,Country,Country,1
MT0000162219,MT0000162219,Q3,Country,Country,1
MT0000171852,MT0000171852,Q3,"Jazz,Vocal",Jazz,2
MT0000174580,MT0000174580,Q1,"Electronic,Pop/Rock,R&B",Pop/Rock,0
MT0000175597,MT0000175597,Q3,"Folk,Pop/Rock,Singer/Songwriter",Pop/Rock,0
MT0000177878,MT0000177878,Q4,"Jazz,Vocal",Jazz,2
MT0000185453,MT0000185453,Q3,Jazz,Jazz,2
MT0000186467,MT0000186467,Q2,"Electronic,Pop/Rock",Pop/Rock,0
MT0000192982,MT0000192982,Q3,"Rock & Roll,Rockabilly,Pop/Rock",Pop/Rock,0
MT0000197431,MT0000197431,Q1,Pop/Rock,Pop/Rock,0
MT0000202045,MT0000202045,Q4,Reggae,Reggae,8
MT0000214287,MT0000214287,Q3,Country,Country,1
MT0000218346,MT0000218346,Q4,"New Age,Pop/Rock,Religious",Pop/Rock,0
MT0000231442,MT0000231442,Q2,"Electronic,International,Pop/Rock",Pop/Rock,0
MT0000231784,MT0000231784,Q2,Rap,Rap,4
MT0000245808,MT0000245808,Q1,"Blues,Jazz,R&B",R&B,3
MT0000252574,MT0000252574,Q1,Pop/Rock,Pop/Rock,0
MT0000255724,MT0000255724,Q3,"Pop/Rock,Stage & Screen",Pop/Rock,0
MT0000258646,MT0000258646,Q2,Pop/Rock,Pop/Rock,0
MT0000265621,MT0000265621,Q4,"Electronic,Pop/Rock",Pop/Rock,0
MT0000268576,MT0000268576,Q3,Pop/Rock,Pop/Rock,0
MT0000271454,MT0000271454,Q1,"Jazz,Pop/Rock,R&B",Pop/Rock,0
MT0000271970,MT0000271970,Q2,"Electronic,International,Pop/Rock",Pop/Rock,0
MT0000277032,MT0000277032,Q4,International,International,10
MT0000277633,MT0000277633,Q3,Pop/Rock,Pop/Rock,0
MT0000283043,MT0000283043,Q2,"Electronic,Pop/Rock",Pop/Rock,0
MT0000287921,MT0000287921,Q2,"International,Pop/Rock",Pop/Rock,0
MT0000289116,MT0000289116,Q3,Country,Country,1
MT0000292000,MT0000292000,Q4,R&B,R&B,3
MT0000293345,MT0000293345,Q3,Pop/Rock,Pop/Rock,0
MT0000299291,MT0000299291,Q3,"Electronic,Pop/Rock",Pop/Rock,0
MT0000310204,MT0000310204,Q1,R&B,R&B,3
MT0000312152,MT0000312152,Q3,"Country,Pop/Rock",Pop/Rock,0
MT0000315363,MT0000315363,Q1,Pop/Rock,Pop/Rock,0
MT0000315392,MT0000315392,Q3,"Jazz,Vocal",Jazz,2
MT0000318206,MT0000318206,Q2,Pop/Rock,Pop/Rock,0
MT0000318279,MT0000318279,Q4,"Jazz,Vocal",Jazz,2
MT0000320757,MT0000320757,Q3,"Country,Pop/Rock",Pop/Rock,0
MT0000321824,MT0000321824,Q4,"Electronic,Pop/Rock",Pop/Rock,0
MT0000325093,MT0000325093,Q1,"Electronic,Latin,Pop/Rock,R&B",Pop/Rock,0
MT0000335310,MT0000335310,Q4,"Folk,Holiday",Holiday,11
MT0000348553,MT0000348553,Q4,Folk,Folk,12
MT0000353361,MT0000353361,Q3,Country,Country,1
MT0000380307,MT0000380307,Q4,Vocal,Vocal,6
MT0000380971,MT0000380971,Q3,Pop/Rock,Pop/Rock,0
MT0000391566,MT0000391566,Q4,Electronic,Electronic,5
MT0000408441,MT0000408441,Q3,Blues,Blues,7
MT0000409922,MT0000409922,Q4,Pop/Rock,Pop/Rock,0
MT0000419956,MT0000419956,Q2,Pop/Rock,Pop/Rock,0
MT0000421504,MT0000421504,Q4,"Pop/Rock,Vocal",Pop/Rock,0
MT0000426880,MT0000426880,Q1,Electronic,Electronic,5
MT0000446304,MT0000446304,Q3,"Jazz,Vocal",Jazz,2
MT0000456939,MT0000456939,Q2,"Electronic,International,Pop/Rock,Religious",Pop/Rock,0
MT0000460480,MT0000460480,Q4,"Jazz,Vocal",Jazz,2
MT0000463371,MT0000463371,Q2,Pop/Rock,Pop/Rock,0
MT0000475876,MT0000475876,Q1,"Electronic,Latin,Pop/Rock,R&B",Pop/Rock,0
A198,L198,Q4,"Classic Female Blues,Traditional Pop,Blues,Vocal Jazz,Vocal",Vocal,6
MT0000497520,MT0000497520,Q1,Pop/Rock,Pop/Rock,0
MT0000515256,MT0000515256,Q3,Vocal,Vocal,6
MT0000518591,MT0000518591,Q1,"Electronic,R&B",Electronic,5
MT0000523576,MT0000523576,Q4,"Holiday,Vocal",Vocal,6
MT0000526302,MT0000526302,Q4,Reggae,Reggae,8
MT0000526867,MT0000526867,Q3,Pop/Rock,Pop/Rock,0
MT0000534539,MT0000534539,Q3,"Pop/Rock,Stage & Screen,Vocal",Pop/Rock,0
MT0000540286,MT0000540286,Q1,Jazz,Jazz,2
MT0000546446,MT0000546446,Q1,"Electronic,Pop/Rock",Pop/Rock,0
MT0000547065,MT0000547065,Q3,Pop/Rock,Pop/Rock,0
MT0000553622,MT0000553622,Q3,"Country,Pop/Rock",Pop/Rock,0
MT0000556349,MT0000556349,Q1,Jazz,Jazz,2
MT0000567692,MT0000567692,Q3,Pop/Rock,Pop/Rock,0
MT0000599398,MT0000599398,Q4,"Pop/Rock,Prog-Rock,Psychedelic/Garage,Art Rock,British Psychedelia",Pop/Rock,0
MT0000603561,MT0000603561,Q3,"Blues,Jazz,Vocal",Jazz,2
MT0000604234,MT0000604234,Q2,Pop/Rock,Pop/Rock,0
MT0000615489,MT0000615489,Q1,"Electronic,International",Electronic,5
MT0000619767,MT0000619767,Q3,Pop/Rock,Pop/Rock,0
MT0000621840,MT0000621840,Q1,Pop/Rock,Pop/Rock,0
MT0000630628,MT0000630628,Q4,"Folk,Pop/Rock",Pop/Rock,0
MT0000633351,MT0000633351,Q4,Vocal,Vocal,6
MT0000638424,MT0000638424,Q4,Pop/Rock,Pop/Rock,0
MT0000638634,MT0000638634,Q4,Pop/Rock,Pop/Rock,0
MT0000643201,MT0000643201,Q3,Pop/Rock,Pop/Rock,0
MT0000652082,MT0000652082,Q4,"Brill Building Pop,Pop/Rock,Easy Listening,Waltz,Early Pop/Rock",Pop/Rock,0
MT0000661250,MT0000661250,Q3,"Blues,Pop/Rock",Pop/Rock,0
MT0000664362,MT0000664362,Q1,"Jazz,Vocal",Jazz,2
MT0000670865,MT0000670865,Q4,Pop/Rock,Pop/Rock,0
MT0000672880,MT0000672880,Q1,"Electronic,Pop/Rock",Pop/Rock,0
MT0000685324,MT0000685324,Q3,"Jazz,Pop/Rock",Pop/Rock,0
MT0000685538,MT0000685538,Q3,Country,Country,1
MT0000688115,MT0000688115,Q3,"Pop/Rock,Vocal",Pop/Rock,0
MT0000688312,MT0000688312,Q3,Pop/Rock,Pop/Rock,0
MT0000704913,MT0000704913,Q1,Pop/Rock,Pop/Rock,0
MT0000712071,MT0000712071,Q1,Pop/Rock,Pop/Rock,0
MT0000714708,MT0000714708,Q1,"Club/Dance,Pop/Rock,Dance-Pop",Pop/Rock,0
MT0000720686,MT0000720686,Q3,Pop/Rock,Pop/Rock,0
MT0000721873,MT0000721873,Q1,"Electronic,Pop/Rock,R&B",Pop/Rock,0
MT0000723464,MT0000723464,Q4,Reggae,Reggae,8
MT0000724357,MT0000724357,Q2,Rap,Rap,4
MT0000727738,MT0000727738,Q3,Pop/Rock,Pop/Rock,0
MT0000734482,MT0000734482,Q4,Electronic,Electronic,5
MT0000741489,MT0000741489,Q2,Pop/Rock,Pop/Rock,0
MT0000754511,MT0000754511,Q4,Electronic,Electronic,5
MT0000763275,MT0000763275,Q3,Pop/Rock,Pop/Rock,0
MT0000764951,MT0000764951,Q3,"Blues,Jazz,Vocal",Jazz,2
MT0000766316,MT0000766316,Q1,Pop/Rock,Pop/Rock,0
MT0000775053,MT0000775053,Q4,Pop/Rock,Pop/Rock,0
MT0000776108,MT0000776108,Q3,Pop/Rock,Pop/Rock,0
MT0000780401,MT0000780401,Q3,"Country,Pop/Rock",Pop/Rock,0
MT0000783307,MT0000783307,Q2,Pop/Rock,Pop/Rock,0
MT0000789330,MT0000789330,Q2,Pop/Rock,Pop/Rock,0
MT0000811092,MT0000811092,Q4,"Jazz,Vocal",Jazz,2
MT0000811743,MT0000811743,Q3,Country,Country,1
MT0000848769,MT0000848769,Q4,"Blues,Jazz,Vocal",Jazz,2
MT0000851865,MT0000851865,Q1,"Jazz,Vocal",Jazz,2
MT0000852582,MT0000852582,Q2,"International,Pop/Rock",Pop/Rock,0
MT0000853072,MT0000853072,Q3,Pop/Rock,Pop/Rock,0
MT0000854722,MT0000854722,Q1,"Pop/Rock,R&B",Pop/Rock,0
MT0000863232,MT0000863232,Q4,Reggae,Reggae,8
MT0000863543,MT0000863543,Q1,"Electronic,R&B",Electronic,5
MT0000874482,MT0000874482,Q2,"Electronic,Pop/Rock",Pop/Rock,0
MT0000875199,MT0000875199,Q3,Pop/Rock,Pop/Rock,0
MT0000875520,MT0000875520,Q1,"Hard Rock,Heavy Metal,British Metal,Album Rock,Pop/Rock",Pop/Rock,0
MT0000886390,MT0000886390,Q1,Country,Country,1
MT0000888329,MT0000888329,Q4,Reggae,Reggae,8
MT0000889229,MT0000889229,Q3,"Blues,Easy Listening,Jazz,Pop/Rock",Pop/Rock,0
MT0000895003,MT0000895003,Q2,"Electronic,International,Pop/Rock",Pop/Rock,0
MT0000900387,MT0000900387,Q2,Rap,Rap,4
MT0000900995,MT0000900995,Q4,Jazz,Jazz,2
MT0000920227,MT0000920227,Q4,"Country,Religious",Country,1
MT0000927561,MT0000927561,Q2,"Art Rock,Psychedelic/Garage,Prog-Rock,Pop/Rock,British Psychedelia",Pop/Rock,0
MT0000931402,MT0000931402,Q3,"Country,Pop/Rock",Pop/Rock,0
MT0000954088,MT0000954088,Q1,Vocal,Vocal,6
MT0000956340,MT0000956340,Q2,Rap,Rap,4
MT0000984023,MT0000984023,Q2,"Electronic,Pop/Rock",Pop/Rock,0
MT0000992846,MT0000992846,Q1,Pop/Rock,Pop/Rock,0
MT0001016068,MT0001016068,Q3,Blues,Blues,7
MT0001020011,MT0001020011,Q4,"Classical,Religious",Religious,9
MT0001032211,MT0001032211,Q4,"Electronic,Pop/Rock",Pop/Rock,0
MT0001042055,MT0001042055,Q4,"Country,Holiday",Country,1
MT0001043721,MT0001043721,Q2,Rap,Rap,4
MT0001053268,MT0001053268,Q1,"Electronic,R&B",Electronic,5
MT0001058887,MT0001058887,Q4,"Pop/Rock,R&B",Pop/Rock,0
MT0001062700,MT0001062700,Q3,Pop/Rock,Pop/Rock,0
MT0001101467,MT0001101467,Q2,"Electronic,Rap",Electronic,5
MT0001102610,MT0001102610,Q3,Country,Country,1
MT0001104467,MT0001104467,Q3,"Contemporary Country,Country,Neo-Traditionalist Country",Country,1
MT0001106114,MT0001106114,Q4,Jazz,Jazz,2
MT0001115644,MT0001115644,Q3,Country,Country,1
MT0001116511,MT0001116511,Q2,Pop/Rock,Pop/Rock,0
MT0001134958,MT0001134958,Q3,Country,Country,1
MT0001152165,MT0001152165,Q4,R&B,R&B,3
MT0001152664,MT0001152664,Q3,Pop/Rock,Pop/Rock,0
MT0001153847,MT0001153847,Q1,"Pop/Rock,Club/Dance,Contemporary Pop/Rock",Pop/Rock,0
MT0001168323,MT0001168323,Q4,"Holiday,R&B",R&B,3
MT0001169715,MT0001169715,Q1,Pop/Rock,Pop/Rock,0
MT0001183783,MT0001183783,Q4,"Blues,Jazz,Vocal",Jazz,2
MT0001189913,MT0001189913,Q1,"Easy Listening,Jazz,Vocal",Jazz,2
MT0001193202,MT0001193202,Q2,Pop/Rock,Pop/Rock,0
MT0001193331,MT0001193331,Q1,Pop/Rock,Pop/Rock,0
MT0001193971,MT0001193971,Q3,Country,Country,1
MT0001194164,MT0001194164,Q3,Pop/Rock,Pop/Rock,0
MT0001202986,MT0001202986,Q1,"Country,Pop/Rock",Pop/Rock,0
MT0001227219,MT0001227219,Q4,Jazz,Jazz,2
MT0001230298,MT0001230298,Q3,Country,Country,1
MT0001265984,MT0001265984,Q3,Pop/Rock,Pop/Rock,0
MT0001266436,MT0001266436,Q3,Pop/Rock,Pop/Rock,0
MT0001267997,MT0001267997,Q4,"Blues,Jazz",Jazz,2
MT0001277283,MT0001277283,Q3,Pop/Rock,Pop/Rock,0
MT0001284282,MT0001284282,Q1,"Electronic,Pop/Rock",Pop/Rock,0
MT0001287647,MT0001287647,Q2,Pop/Rock,Pop/Rock,0
MT0001297031,MT0001297031,Q3,Pop/Rock,Pop/Rock,0
MT0001298241,MT0001298241,Q3,Pop/Rock,Pop/Rock,0
MT0001301827,MT0001301827,Q4,"Blues,Jazz,R&B",R&B,3
MT0001305550,MT0001305550,Q3,"Pop/Rock,R&B",Pop/Rock,0
MT0001309422,MT0001309422,Q3,Country,Country,1
MT0001313815,MT0001313815,Q4,Reggae,Reggae,8
MT0001318718,MT0001318718,Q1,Pop/Rock,Pop/Rock,0
MT0001321861,MT0001321861,Q2,Rap,Rap,4
MT0001323755,MT0001323755,Q4,"Country,Religious",Country,1
MT0001331047,MT0001331047,Q3,"Blues,Jazz,Vocal",Jazz,2
MT0001332899,MT0001332899,Q3,"Country,Pop/Rock",Pop/Rock,0
MT0001335920,MT0001335920,Q1,"Country,Electronic,Pop/Rock",Pop/Rock,0
MT0001353828,MT0001353828,Q2,Rap,Rap,4
MT0001356476,MT0001356476,Q1,Pop/Rock,Pop/Rock,0
MT0001356637,MT0001356637,Q3,Pop/Rock,Pop/Rock,0
MT0001361436,MT0001361436,Q2,Pop/Rock,Pop/Rock,0
MT0001362313,MT0001362313,Q3,"Country,Pop/Rock",Pop/Rock,0
MT0001368531,MT0001368531,Q4,"Country,Folk",Country,1
MT0001372070,MT0001372070,Q3,"Nashville Sound/Countrypolitan,Country",Country,1
A048,L098,Q3,"Adult Alternative Pop/Rock,Alternative/Indie Rock,Pop/Rock,Alternative Pop/Rock,College Rock",Pop/Rock,0
MT0001376988,MT0001376988,Q2,Pop/Rock,Pop/Rock,0
MT0001380360,MT0001380360,Q2,Pop/Rock,Pop/Rock,0
MT0001383277,MT0001383277,Q2,Rap,Rap,4
MT0001385947,MT0001385947,Q3,Country,Country,1
MT0001395462,MT0001395462,Q3,Country,Country,1
A194,L194,Q2,"Heavy Metal,Alternative Metal,Pop/Rock",Pop/Rock,0
MT0001404677,MT0001404677,Q3,"Jazz,Vocal",Jazz,2
MT0001435061,MT0001435061,Q3,"Blues,Pop/Rock",Pop/Rock,0
MT0001436086,MT0001436086,Q4,Vocal,Vocal,6
MT0001453285,MT0001453285,Q3,"Easy Listening,Jazz,Pop/Rock",Pop/Rock,0
MT0001477169,MT0001477169,Q4,"Country,Religious",Country,1
MT0001494812,MT0001494812,Q4,"Electronic,Pop/Rock,R&B",Pop/Rock,0
MT0001497786,MT0001497786,Q3,Electronic,Electronic,5
MT0001509368,MT0001509368,Q1,Pop/Rock,Pop/Rock,0
MT0001510617,MT0001510617,Q2,Pop/Rock,Pop/Rock,0
MT0001511433,MT0001511433,Q4,"Country,Holiday",Country,1
MT0001514284,MT0001514284,Q1,Pop/Rock,Pop/Rock,0
MT0001515028,MT0001515028,Q4,"Country,Pop/Rock",Pop/Rock,0
MT0001518335,MT0001518335,Q3,"Blues,Country,Pop/Rock",Pop/Rock,0
MT0001521543,MT0001521543,Q1,Blues,Blues,7
MT0001523435,MT0001523435,Q3,"Blues,Jazz,Vocal",Jazz,2
MT0001526514,MT0001526514,Q1,"International,R&B",R&B,3
MT0001528638,MT0001528638,Q4,"Holiday,Vocal",Vocal,6
MT0001531906,MT0001531906,Q4,"R&B,Religious",R&B,3
MT0001547111,MT0001547111,Q3,"Folk,Pop/Rock",Pop/Rock,0
MT0001553573,MT0001553573,Q2,"Electronic,International,Pop/Rock",Pop/Rock,0
MT0001554870,MT0001554870,Q2,Pop/Rock,Pop/Rock,0
A002,L052,Q4,Pop/Rock,Pop/Rock,0
MT0001578777,MT0001578777,Q2,"Electronic,Pop/Rock",Pop/Rock,0
MT0001583214,MT0001583214,Q2,"Pop/Rock,Stage & Screen",Pop/Rock,0
MT0001590644,MT0001590644,Q2,Pop/Rock,Pop/Rock,0
MT0001594582,MT0001594582,Q4,"Children's,Folk,Pop/Rock",Pop/Rock,0
MT0001595082,MT0001595082,Q2,"Electronic,Pop/Rock",Pop/Rock,0
MT0001608499,MT0001608499,Q3,Pop/Rock,Pop/Rock,0
MT0001609615,MT0001609615,Q4,"Country,Pop/Rock",Pop/Rock,0
MT0001610102,MT0001610102,Q1,Electronic,Electronic,5
MT0001613887,MT0001613887,Q2,"Electronic,International,Pop/Rock",Pop/Rock,0
MT0001615005,MT0001615005,Q2,Pop/Rock,Pop/Rock,0
MT0001624303,MT0001624303,Q4,"Pop/Rock,Vocal",Pop/Rock,0
MT0001634305,MT0001634305,Q3,Pop/Rock,Pop/Rock,0
MT0001638394,MT0001638394,Q4,"Jazz,Pop/Rock",Pop/Rock,0
MT0001639011,MT0001639011,Q1,"Electronic,Pop/Rock",Pop/Rock,0
MT0001641165,MT0001641165,Q2,Rap,Rap,4
MT0001642019,MT0001642019,Q2,"Electronic,International,Pop/Rock",Pop/Rock,0
MT0001646256,MT0001646256,Q3,"Jazz,Pop/Rock",Pop/Rock,0
MT0001648703,MT0001648703,Q2,Pop/Rock,Pop/Rock,0
MT0001671399,MT0001671399,Q1,Children's,Children's,18
A114-120,L004-120,Q1,"R&B,Quiet Storm,Urban",R&B,3
MT0001673884,MT0001673884,Q3,"Jazz,Vocal",Jazz,2
MT0001699798,MT0001699798,Q4,"Folk,Pop/Rock",Pop/Rock,0
MT0001710592,MT0001710592,Q2,Pop/Rock,Pop/Rock,0
MT0001729778,MT0001729778,Q4,"Electronic,Latin,Pop/Rock,R&B",Pop/Rock,0
MT0001738256,MT0001738256,Q2,Pop/Rock,Pop/Rock,0
MT0001741017,MT0001741017,Q1,"Pop/Rock,R&B",Pop/Rock,0
MT0001765726,MT0001765726,Q4,"Pop/Rock,Stage & Screen",Pop/Rock,0
MT0001770136,MT0001770136,Q1,"Electronic,Pop/Rock",Pop/Rock,0
MT0001779167,MT0001779167,Q2,Pop/Rock,Pop/Rock,0
MT0001795697,MT0001795697,Q1,Pop/Rock,Pop/Rock,0
MT0001810607,MT0001810607,Q3,Reggae,Reggae,8
MT0001829666,MT0001829666,Q1,R&B,R&B,3
MT0001831738,MT0001831738,Q1,Country,Country,1
MT0001835551,MT0001835551,Q2,Pop/Rock,Pop/Rock,0
MT0001841416,MT0001841416,Q3,Blues,Blues,7
MT0001862892,MT0001862892,Q3,"Pop/Rock,R&B",Pop/Rock,0
MT0001889075,MT0001889075,Q2,Rap,Rap,4
MT0001889244,MT0001889244,Q1,"Electronic,Pop/Rock,R&B",Pop/Rock,0
MT0001891260,MT0001891260,Q3,"Country,Pop/Rock",Pop/Rock,0
A182,L182,Q2,"Hardcore Rap,Rap",Rap,4
MT0001899447,MT0001899447,Q3,Country,Country,1
MT0001899867,MT0001899867,Q1,R&B,R&B,3
MT0001920501,MT0001920501,Q3,"Blues,Jazz,Vocal",Jazz,2
MT0001927921,MT0001927921,Q2,Pop/Rock,Pop/Rock,0
MT0001929641,MT0001929641,Q3,"Blues,R&B",R&B,3
MT0001934410,MT0001934410,Q2,Pop/Rock,Pop/Rock,0
MT0001934726,MT0001934726,Q3,"Blues,R&B",R&B,3
MT0001943830,MT0001943830,Q4,"Country,Pop/Rock,Religious",Pop/Rock,0
MT0001949173,MT0001949173,Q4,"Pop/Rock,R&B",Pop/Rock,0
MT0001954919,MT0001954919,Q4,"New Age,Pop/Rock",Pop/Rock,0
MT0001963447,MT0001963447,Q2,Pop/Rock,Pop/Rock,0
MT0001967655,MT0001967655,Q4,"Country,Pop/Rock",Pop/Rock,0
MT0001972380,MT0001972380,Q3,"Jazz,New Age,Pop/Rock",Pop/Rock,0
MT0001972829,MT0001972829,Q3,"Blues,Pop/Rock",Pop/Rock,0
MT0001980613,MT0001980613,Q4,"Country,International",Country,1
MT0001988811,MT0001988811,Q3,"Folk,Pop/Rock",Pop/Rock,0
MT0001992879,MT0001992879,Q2,Pop/Rock,Pop/Rock,0
MT0001993588,MT0001993588,Q2,"Electronic,International,Pop/Rock",Pop/Rock,0
MT0002006862,MT0002006862,Q1,"Stage & Screen,Vocal",Vocal,6
MT0002007417,MT0002007417,Q3,Vocal,Vocal,6
MT0002014752,MT0002014752,Q4,"Jazz,Vocal",Jazz,2
MT0002024101,MT0002024101,Q2,Pop/Rock,Pop/Rock,0
MT0002024741,MT0002024741,Q4,"Pop/Rock,R&B",Pop/Rock,0
MT0002034238,MT0002034238,Q1,"Pop/Rock,R&B",Pop/Rock,0
MT0002052101,MT0002052101,Q1,"Country,Jazz,Pop/Rock",Pop/Rock,0
MT0002057142,MT0002057142,Q3,Pop/Rock,Pop/Rock,0
MT0002060109,MT0002060109,Q3,"Country,Pop/Rock",Pop/Rock,0
MT0002068648,MT0002068648,Q1,Pop/Rock,Pop/Rock,0
MT0002078701,MT0002078701,Q1,"Pop/Rock,Stage & Screen",Pop/Rock,0
MT0002087541,MT0002087541,Q3,Pop/Rock,Pop/Rock,0
MT0002088249,MT0002088249,Q1,"International,Pop/Rock",Pop/Rock,0
MT0002099419,MT0002099419,Q2,Rap,Rap,4
MT0002113056,MT0002113056,Q1,Vocal,Vocal,6
MT0002131125,MT0002131125,Q2,"Electronic,Pop/Rock",Pop/Rock,0
MT0002132088,MT0002132088,Q4,"Electronic,Pop/Rock,R&B",Pop/Rock,0
A043,L093,Q1,"Contemporary R&B,R&B",R&B,3
MT0002177145,MT0002177145,Q1,"Electronic,Pop/Rock",Pop/Rock,0
MT0002193996,MT0002193996,Q4,"Pop/Rock,R&B",Pop/Rock,0
MT0002216668,MT0002216668,Q4,R&B,R&B,3
MT0002219182,MT0002219182,Q1,"Country,Pop/Rock",Pop/Rock,0
MT0002222944,MT0002222944,Q2,"Pop/Rock,Rap",Pop/Rock,0
MT0002225477,MT0002225477,Q2,"Gangsta Rap,East Coast Rap,Hardcore Rap,Rap",Rap,4
MT0002239079,MT0002239079,Q2,Rap,Rap,4
MT0002250135,MT0002250135,Q3,Pop/Rock,Pop/Rock,0
MT0002252353,MT0002252353,Q2,"Rap,Stage & Screen",Rap,4
MT0002272314,MT0002272314,Q2,Pop/Rock,Pop/Rock,0
MT0002277261,MT0002277261,Q3,Pop/Rock,Pop/Rock,0
MT0002294387,MT0002294387,Q1,"Electronic,Pop/Rock",Pop/Rock,0
MT0002307435,MT0002307435,Q3,Pop/Rock,Pop/Rock,0
A094-110,L144-110,Q1,"Pop/Rock,Dance-Pop,Funk,R&B,Club/Dance,Disco",Pop/Rock,0
MT0002325544,MT0002325544,Q3,"Country,Pop/Rock",Pop/Rock,0
MT0002337555,MT0002337555,Q2,Pop/Rock,Pop/Rock,0
MT0002342346,MT0002342346,Q2,Pop/Rock,Pop/Rock,0
MT0002343207,MT0002343207,Q1,"Electronic,R&B",Electronic,5
A014,L064,Q1,"Electronic,Pop/Rock,R&B",Pop/Rock,0
MT0002351905,MT0002351905,Q1,Country,Country,1
MT0002359628,MT0002359628,Q4,Pop/Rock,Pop/Rock,0
MT0002362108,MT0002362108,Q1,Jazz,Jazz,2
MT0002366291,MT0002366291,Q1,"Electronic,Pop/Rock",Pop/Rock,0
MT0002371970,MT0002371970,Q4,"Folk,Pop/Rock",Pop/Rock,0
MT0002379942,MT0002379942,Q2,"Electronic,International,Pop/Rock",Pop/Rock,0
MT0002390941,MT0002390941,Q3,Pop/Rock,Pop/Rock,0
MT0002396250,MT0002396250,Q2,Pop/Rock,Pop/Rock,0
MT0002397625,MT0002397625,Q4,"Easy Listening,Pop/Rock",Pop/Rock,0
MT0002472723,MT0002472723,Q1,Pop/Rock,Pop/Rock,0
MT0002477987,MT0002477987,Q3,Folk,Folk,12
MT0002479795,MT0002479795,Q2,"Rap,Stage & Screen",Rap,4
MT0002485672,MT0002485672,Q3,"Avant-Garde,Electronic,Pop/Rock",Pop/Rock,0
MT0002515172,MT0002515172,Q4,"Holiday,Pop/Rock,Vocal",Pop/Rock,0
MT0002538335,MT0002538335,Q1,Reggae,Reggae,8
MT0002541988,MT0002541988,Q4,"Jazz,Vocal",Jazz,2
MT0002549047,MT0002549047,Q3,R&B,R&B,3
A013,L063,Q2,"Pop/Rock,New Wave,British Punk,Punk/New Wave,Punk,Hard Rock",Pop/Rock,0
MT0002580064,MT0002580064,Q3,"Blues,Pop/Rock",Pop/Rock,0
MT0002595792,MT0002595792,Q1,"Comedy/Spoken,Jazz",Jazz,2
MT0002604697,MT0002604697,Q3,"Jazz,Vocal",Jazz,2
A117-76,L007-76,Q3,"Contemporary Pop/Rock,Adult Contemporary,Adult Alternative Pop/Rock,Pop/Rock,Alternative/Indie Rock",Pop/Rock,0
MT0002621498,MT0002621498,Q2,Pop/Rock,Pop/Rock,0
MT0002634024,MT0002634024,Q3,"R&B,Reggae",R&B,3
MT0002638821,MT0002638821,Q4,Pop/Rock,Pop/Rock,0
A103-99,L153-99,Q2,"Alternative/Indie Rock,Adult Alternative Pop/Rock,Pop/Rock",Pop/Rock,0
MT0002645049,MT0002645049,Q1,"Pop/Rock,R&B,Stage & Screen",Pop/Rock,0
MT0002655864,MT0002655864,Q2,Pop/Rock,Pop/Rock,0
MT0002672499,MT0002672499,Q1,"Pop/Rock,R&B",Pop/Rock,0
MT0002675791,MT0002675791,Q4,"Country,Pop/Rock,Vocal",Pop/Rock,0
MT0002698706,MT0002698706,Q1,"Pop/Rock,Vocal",Pop/Rock,0
MT0002698827,MT0002698827,Q4,"Country,Pop/Rock,Religious",Pop/Rock,0
MT0002700026,MT0002700026,Q1,"Latin,Pop/Rock",Pop/Rock,0
MT0002711792,MT0002711792,Q2,"Electronic,International,Pop/Rock",Pop/Rock,0
MT0002760912,MT0002760912,Q3,Electronic,Electronic,5
MT0002762445,MT0002762445,Q1,"Electronic,Pop/Rock",Pop/Rock,0
MT0002771537,MT0002771537,Q3,R&B,R&B,3
MT0002803746,MT0002803746,Q4,"Jazz,Vocal",Jazz,2
MT0002810052,MT0002810052,Q2,Pop/Rock,Pop/Rock,0
MT0002840704,MT0002840704,Q1,"Electronic,Rap",Electronic,5
MT0002844771,MT0002844771,Q3,"Country,Electronic,Pop/Rock",Pop/Rock,0
MT0002846256,MT0002846256,Q4,"Children's,Pop/Rock",Pop/Rock,0
MT0002858390,MT0002858390,Q4,"Holiday,Jazz,Vocal",Jazz,2
MT0002859848,MT0002859848,Q4,New Age,New Age,15
MT0002903697,MT0002903697,Q4,Pop/Rock,Pop/Rock,0
MT0002905185,MT0002905185,Q3,Blues,Blues,7
MT0002907679,MT0002907679,Q1,"Electronic,Pop/Rock",Pop/Rock,0
MT0002909109,MT0002909109,Q1,R&B,R&B,3
MT0002915967,MT0002915967,Q3,"Jazz,Vocal",Jazz,2
MT0002928993,MT0002928993,Q3,"Blues,R&B",R&B,3
MT0002949712,MT0002949712,Q2,"Electronic,Pop/Rock",Pop/Rock,0
MT0002951872,MT0002951872,Q1,"Blues,Pop/Rock",Pop/Rock,0
MT0002960288,MT0002960288,Q4,"Country,Religious",Country,1
MT0002969144,MT0002969144,Q4,"Jazz,Vocal",Jazz,2
MT0002980543,MT0002980543,Q4,"Electronic,Folk,Pop/Rock",Pop/Rock,0
MT0002999366,MT0002999366,Q1,"Blues,Pop/Rock",Pop/Rock,0
MT0003008724,MT0003008724,Q2,Pop/Rock,Pop/Rock,0
MT0003025046,MT0003025046,Q4,"Children's,Pop/Rock",Pop/Rock,0
MT0003025373,MT0003025373,Q1,"Electronic,Jazz",Electronic,5
MT0003025883,MT0003025883,Q4,"Jazz,Vocal",Jazz,2
MT0003028265,MT0003028265,Q4,Reggae,Reggae,8
MT0003037754,MT0003037754,Q3,Pop/Rock,Pop/Rock,0
MT0003044417,MT0003044417,Q1,"Electronic,Pop/Rock",Pop/Rock,0
MT0003081304,MT0003081304,Q4,Rap,Rap,4
MT0003085925,MT0003085925,Q1,R&B,R&B,3
MT0003094118,MT0003094118,Q2,Rap,Rap,4
MT0003102331,MT0003102331,Q4,"Pop/Rock,R&B",Pop/Rock,0
MT0003106472,MT0003106472,Q2,Rap,Rap,4
A018,L068,Q3,"Vocal Jazz,Jazz",Jazz,2
MT0003124476,MT0003124476,Q2,Pop/Rock,Pop/Rock,0
MT0003131435,MT0003131435,Q1,"Adult Contemporary,Quiet Storm,R&B,Urban,Soft Rock,Pop/Rock",Pop/Rock,0
MT0003175531,MT0003175531,Q1,Pop/Rock,Pop/Rock,0
MT0003189890,MT0003189890,Q3,"Blues,R&B",R&B,3
MT0003213617,MT0003213617,Q4,"Blues,R&B",R&B,3
MT0003213835,MT0003213835,Q1,"Electronic,Reggae",Electronic,5
MT0003224500,MT0003224500,Q2,"Pop/Rock,Stage & Screen",Pop/Rock,0
MT0003228768,MT0003228768,Q4,Blues,Blues,7
MT0003246728,MT0003246728,Q1,"Electronic,Pop/Rock",Pop/Rock,0
MT0003248394,MT0003248394,Q1,"Holiday,R&B",R&B,3
MT0003262589,MT0003262589,Q2,"Electronic,Pop/Rock",Pop/Rock,0
MT0003263304,MT0003263304,Q3,"Blues,Pop/Rock",Pop/Rock,0
MT0003264792,MT0003264792,Q4,"R&B,Rap",R&B,3
MT0003274067,MT0003274067,Q3,Pop/Rock,Pop/Rock,0
MT0003280103,MT0003280103,Q4,"Country,Folk",Country,1
MT0003286463,MT0003286463,Q1,"Electronic,Rap",Electronic,5
MT0003287170,MT0003287170,Q4,"Southern Gospel,Black Gospel,Traditional Gospel,Gospel,Religious",Religious,9
MT0003294608,MT0003294608,Q2,Pop/Rock,Pop/Rock,0
MT0003309945,MT0003309945,Q2,Pop/Rock,Pop/Rock,0
MT0003315880,MT0003315880,Q2,Pop/Rock,Pop/Rock,0
MT0003320924,MT0003320924,Q3,Blues,Blues,7
MT0003326925,MT0003326925,Q2,Pop/Rock,Pop/Rock,0
A143-72,L033-72,Q3,"Alternative/Indie Rock,Pop/Rock,Adult Alternative Pop/Rock",Pop/Rock,0
MT0003328491,MT0003328491,Q3,"Country,Pop/Rock",Pop/Rock,0
MT0003329820,MT0003329820,Q1,"Jazz,Pop/Rock,Vocal",Pop/Rock,0
MT0003336800,MT0003336800,Q2,Pop/Rock,Pop/Rock,0
MT0003337396,MT0003337396,Q2,"Electronic,International,Pop/Rock",Pop/Rock,0
MT0003345751,MT0003345751,Q2,"Electronic,International,Pop/Rock",Pop/Rock,0
MT0003353602,MT0003353602,Q2,"Electronic,Pop/Rock",Pop/Rock,0
MT0003353794,MT0003353794,Q3,Country,Country,1
MT0003354468,MT0003354468,Q4,"Country,Holiday",Country,1
MT0003362617,MT0003362617,Q3,Country,Country,1
MT0003402178,MT0003402178,Q4,International,International,10
MT0003402994,MT0003402994,Q1,"Electronic,R&B",Electronic,5
MT0003421433,MT0003421433,Q4,R&B,R&B,3
MT0003428477,MT0003428477,Q4,"Jazz,Vocal",Jazz,2
MT0003435704,MT0003435704,Q3,"Country,Pop/Rock",Pop/Rock,0
MT0003440957,MT0003440957,Q1,"Glam Rock,Proto-Punk,Pop/Rock,Hard Rock",Pop/Rock,0
MT0003462877,MT0003462877,Q2,Pop/Rock,Pop/Rock,0
MT0003473344,MT0003473344,Q4,Stage & Screen,Stage & Screen,13
MT0003482336,MT0003482336,Q2,Pop/Rock,Pop/Rock,0
MT0003496132,MT0003496132,Q2,Pop/Rock,Pop/Rock,0
MT0003503243,MT0003503243,Q2,Pop/Rock,Pop/Rock,0
MT0003504525,MT0003504525,Q3,Rap,Rap,4
A081-67,L131-67,Q3,"Alternative Pop/Rock,Alternative/Indie Rock,Britpop,Pop/Rock",Pop/Rock,0
MT0003517837,MT0003517837,Q4,Pop/Rock,Pop/Rock,0
MT0003536193,MT0003536193,Q1,R&B,R&B,3
MT0003539442,MT0003539442,Q2,"International,Pop/Rock",Pop/Rock,0
MT0003542756,MT0003542756,Q3,"Jazz,Vocal",Jazz,2
MT0003587042,MT0003587042,Q2,Pop/Rock,Pop/Rock,0
MT0003597979,MT0003597979,Q4,Blues,Blues,7
MT0003603497,MT0003603497,Q4,"Country,Holiday",Country,1
MT0003603772,MT0003603772,Q1,R&B,R&B,3
A029,L079,Q3,"Album Rock,Adult Contemporary,Pop/Rock,Soft Rock,Contemporary Pop/Rock",Pop/Rock,0
MT0003617309,MT0003617309,Q1,Pop/Rock,Pop/Rock,0
MT0003630870,MT0003630870,Q2,Rap,Rap,4
MT0003649209,MT0003649209,Q1,"Electronic,Pop/Rock,Stage & Screen",Pop/Rock,0
MT0003659365,MT0003659365,Q2,Pop/Rock,Pop/Rock,0
MT0003669917,MT0003669917,Q1,Religious,Religious,9
A120-168,L010-168,Q4,"International,New Age,Pop/Rock",Pop/Rock,0
MT0003728288,MT0003728288,Q2,"Electronic,International,Pop/Rock",Pop/Rock,0
MT0003729518,MT0003729518,Q1,"Electronic,Latin,Pop/Rock,R&B",Pop/Rock,0
MT0003732702,MT0003732702,Q4,"Jazz,Pop/Rock,Stage & Screen",Pop/Rock,0
A071-70,L121-70,Q3,"Adult Alternative Pop/Rock,Alternative/Indie Rock,Contemporary Pop/Rock,Pop/Rock,Alternative Pop/Rock",Pop/Rock,0
MT0003740052,MT0003740052,Q4,Religious,Religious,9
MT0003759483,MT0003759483,Q4,Pop/Rock,Pop/Rock,0
MT0003762220,MT0003762220,Q4,R&B,R&B,3
MT0003762339,MT0003762339,Q2,"Electronic,International,Pop/Rock",Pop/Rock,0
MT0003768949,MT0003768949,Q1,R&B,R&B,3
MT0003770678,MT0003770678,Q4,"Country,Religious",Country,1
MT0003774577,MT0003774577,Q2,Rap,Rap,4
MT0003782002,MT0003782002,Q2,"International,Pop/Rock",Pop/Rock,0
MT0003788939,MT0003788939,Q1,"Electronic,Pop/Rock",Pop/Rock,0
MT0003791678,MT0003791678,Q1,"Contemporary Pop/Rock,Art Rock,Album Rock,Pop/Rock,Prog-Rock",Pop/Rock,0
MT0003792475,MT0003792475,Q3,Pop/Rock,Pop/Rock,0
MT0003795778,MT0003795778,Q1,Pop/Rock,Pop/Rock,0
MT0003837569,MT0003837569,Q2,"Electronic,Pop/Rock",Pop/Rock,0
MT0003859252,MT0003859252,Q2,Pop/Rock,Pop/Rock,0
MT0003861331,MT0003861331,Q4,"R&B,Rap",R&B,3
MT0003868349,MT0003868349,Q4,"Blues,Pop/Rock",Pop/Rock,0
MT0003868390,MT0003868390,Q4,"Blues,Pop/Rock,R&B",Pop/Rock,0
MT0003878494,MT0003878494,Q3,"Country,Folk,International",Country,1
MT0003880691,MT0003880691,Q2,"International,Pop/Rock",Pop/Rock,0
MT0003903675,MT0003903675,Q1,Pop/Rock,Pop/Rock,0
MT0003906833,MT0003906833,Q1,Pop/Rock,Pop/Rock,0
MT0003909053,MT0003909053,Q3,Country,Country,1
MT0003922883,MT0003922883,Q4,"Pop/Rock,R&B",Pop/Rock,0
MT0003935299,MT0003935299,Q4,"Jazz,Vocal",Jazz,2
MT0003965796,MT0003965796,Q1,"Latin,Pop/Rock",Pop/Rock,0
MT0003968586,MT0003968586,Q2,"Electronic,International,Pop/Rock",Pop/Rock,0
MT0003970870,MT0003970870,Q3,"Blues,Jazz,Vocal",Jazz,2
MT0004012938,MT0004012938,Q2,"Electronic,International,Pop/Rock",Pop/Rock,0
MT0004033010,MT0004033010,Q1,R&B,R&B,3
MT0004068560,MT0004068560,Q2,"Electronic,International,Pop/Rock",Pop/Rock,0
MT0004072079,MT0004072079,Q2,Pop/Rock,Pop/Rock,0
MT0004085907,MT0004085907,Q2,Rap,Rap,4
MT0004087145,MT0004087145,Q2,"Electronic,International,Pop/Rock",Pop/Rock,0
MT0004091857,MT0004091857,Q1,"Electronic,R&B",Electronic,5
MT0004098601,MT0004098601,Q4,"Folk,International,Pop/Rock",Pop/Rock,0
MT0004113262,MT0004113262,Q1,"Electronic,Latin,Pop/Rock,R&B",Pop/Rock,0
MT0004117319,MT0004117319,Q3,"Pop/Rock,R&B",Pop/Rock,0
A038,L088,Q3,"Post-Punk,Alternative/Indie Rock,Pop/Rock",Pop/Rock,0
MT0004131260,MT0004131260,Q3,Pop/Rock,Pop/Rock,0
MT0004137658,MT0004137658,Q2,"Electronic,Pop/Rock",Pop/Rock,0
MT0004141823,MT0004141823,Q1,"Electronic,Latin,Pop/Rock",Pop/Rock,0
MT0004156130,MT0004156130,Q4,Pop/Rock,Pop/Rock,0
MT0004180568,MT0004180568,Q4,"Latin,Pop/Rock,Vocal",Pop/Rock,0
MT0004184616,MT0004184616,Q3,"Jazz,Vocal",Jazz,2
MT0004194402,MT0004194402,Q3,"Blues,R&B",R&B,3
MT0004197514,MT0004197514,Q2,Rap,Rap,4
MT0004212108,MT0004212108,Q3,R&B,R&B,3
MT0004219321,MT0004219321,Q4,Country,Country,1
MT0004232099,MT0004232099,Q3,"Jazz,Vocal",Jazz,2
MT0004240748,MT0004240748,Q2,Pop/Rock,Pop/Rock,0
MT0004254228,MT0004254228,Q2,Pop/Rock,Pop/Rock,0
MT0004256890,MT0004256890,Q4,"Electronic,Pop/Rock,R&B",Pop/Rock,0
MT0004262978,MT0004262978,Q4,"Stage & Screen,Vocal",Vocal,6
MT0004263301,MT0004263301,Q3,Country,Country,1
MT0004290389,MT0004290389,Q3,Pop/Rock,Pop/Rock,0
MT0004293364,MT0004293364,Q2,Rap,Rap,4
MT0004306521,MT0004306521,Q4,Country,Country,1
MT0004317784,MT0004317784,Q3,Pop/Rock,Pop/Rock,0
MT0004338270,MT0004338270,Q1,"Electronic,Pop/Rock",Pop/Rock,0
MT0004352104,MT0004352104,Q3,R&B,R&B,3
MT0004352726,MT0004352726,Q4,"Country,Religious",Country,1
MT0004362501,MT0004362501,Q4,Reggae,Reggae,8
MT0004395306,MT0004395306,Q4,"Jazz,Vocal",Jazz,2
MT0004397754,MT0004397754,Q3,Rap,Rap,4
MT0004400843,MT0004400843,Q3,Pop/Rock,Pop/Rock,0
MT0004414074,MT0004414074,Q2,"Electronic,International,Pop/Rock",Pop/Rock,0
MT0004422924,MT0004422924,Q1,Pop/Rock,Pop/Rock,0
MT0004440606,MT0004440606,Q3,"Folk,Pop/Rock",Pop/Rock,0
MT0004447086,MT0004447086,Q2,"Electronic,International,Pop/Rock",Pop/Rock,0
MT0004459450,MT0004459450,Q2,Pop/Rock,Pop/Rock,0
MT0004469135,MT0004469135,Q1,R&B,R&B,3
MT0004476235,MT0004476235,Q3,"Folk,International,Pop/Rock",Pop/Rock,0
MT0004485367,MT0004485367,Q3,Pop/Rock,Pop/Rock,0
MT0004500770,MT0004500770,Q3,Vocal,Vocal,6
MT0004506984,MT0004506984,Q1,"Adult Contemporary,R&B,Contemporary Pop/Rock,Disco,Pop/Rock",Pop/Rock,0
MT0004511265,MT0004511265,Q2,"Electronic,International,Pop/Rock",Pop/Rock,0
MT0004512063,MT0004512063,Q2,"Electronic,International,Pop/Rock",Pop/Rock,0
MT0004514306,MT0004514306,Q3,"Electronic,Pop/Rock",Pop/Rock,0
MT0004540242,MT0004540242,Q4,"Pop/Rock,R&B",Pop/Rock,0
MT0004542745,MT0004542745,Q4,"Jazz,Vocal",Jazz,2
MT0004548391,MT0004548391,Q3,Rap,Rap,4
MT0004550434,MT0004550434,Q2,Pop/Rock,Pop/Rock,0
MT0004550458,MT0004550458,Q4,Folk,Folk,12
MT0004551480,MT0004551480,Q1,Blues,Blues,7
MT0004558461,MT0004558461,Q2,Pop/Rock,Pop/Rock,0
MT0004588191,MT0004588191,Q1,Pop/Rock,Pop/Rock,0
MT0004625127,MT0004625127,Q3,Pop/Rock,Pop/Rock,0
MT0004674397,MT0004674397,Q2,"Rap,Stage & Screen",Rap,4
MT0004692456,MT0004692456,Q1,"Electronic,Pop/Rock",Pop/Rock,0
MT0004711079,MT0004711079,Q1,"Jazz,Vocal",Jazz,2
MT0004725201,MT0004725201,Q4,"Jazz,Vocal",Jazz,2
MT0004739956,MT0004739956,Q2,"Electronic,Pop/Rock",Pop/Rock,0
MT0004754115,MT0004754115,Q4,"Pop/Rock,R&B",Pop/Rock,0
MT0004758223,MT0004758223,Q4,"Stage & Screen,Vocal",Vocal,6
MT0004759588,MT0004759588,Q2,"Electronic,Pop/Rock",Pop/Rock,0
MT0004776609,MT0004776609,Q4,Vocal,Vocal,6
MT0004781165,MT0004781165,Q3,Blues,Blues,7
MT0004798790,MT0004798790,Q3,Rap,Rap,4
A130-162,L020-162,Q3,"Alternative/Indie Rock,Sadcore,Dream Pop,Alternative Pop/Rock,Pop/Rock",Pop/Rock,0
MT0004811602,MT0004811602,Q2,"Electronic,International,Pop/Rock",Pop/Rock,0
MT0004840819,MT0004840819,Q3,Country,Country,1
MT0004850406,MT0004850406,Q4,Country,Country,1
MT0004866559,MT0004866559,Q2,Rap,Rap,4
MT0004869271,MT0004869271,Q3,"Jazz,Pop/Rock",Pop/Rock,0
MT0004872217,MT0004872217,Q2,"Electronic,International,Pop/Rock",Pop/Rock,0
MT0004883551,MT0004883551,Q1,"Electronic,Rap",Electronic,5
MT0004890000,MT0004890000,Q1,R&B,R&B,3
MT0004896738,MT0004896738,Q1,"Electronic,Pop/Rock,R&B",Pop/Rock,0
MT0004925844,MT0004925844,Q4,"Holiday,Pop/Rock",Pop/Rock,0
MT0004943985,MT0004943985,Q1,"Contemporary Pop/Rock,Early Pop/Rock,Pop/Rock,Rock & Roll",Pop/Rock,0
MT0004962647,MT0004962647,Q4,"Holiday,Pop/Rock",Pop/Rock,0
MT0004963809,MT0004963809,Q4,Pop/Rock,Pop/Rock,0
MT0004970058,MT0004970058,Q4,Pop/Rock,Pop/Rock,0
A115-84,L005-84,Q1,"Show Tunes,Stage & Screen,Cast Recordings,Traditional Pop,Vocal,Vocal Pop",Vocal,6
MT0005001966,MT0005001966,Q3,"Jazz,New Age,Pop/Rock",Pop/Rock,0
MT0005023904,MT0005023904,Q3,"Electronic,Pop/Rock",Pop/Rock,0
MT0005026798,MT0005026798,Q2,"International,Pop/Rock",Pop/Rock,0
MT0005039941,MT0005039941,Q2,Rap,Rap,4
MT0005072543,MT0005072543,Q1,"Jazz,Vocal",Jazz,2
MT0005083885,MT0005083885,Q3,Country,Country,1
MT0005094727,MT0005094727,Q3,"Blues,R&B",R&B,3
MT0005113916,MT0005113916,Q4,"Blues,Jazz",Jazz,2
MT0005115042,MT0005115042,Q3,"Blues,R&B",R&B,3
MT0005155949,MT0005155949,Q3,Jazz,Jazz,2
MT0005158273,MT0005158273,Q4,Reggae,Reggae,8
MT0005189820,MT0005189820,Q3,Pop/Rock,Pop/Rock,0
MT0005198745,MT0005198745,Q4,Pop/Rock,Pop/Rock,0
MT0005202791,MT0005202791,Q2,"International,Pop/Rock",Pop/Rock,0
MT0005223794,MT0005223794,Q2,Pop/Rock,Pop/Rock,0
MT0005241287,MT0005241287,Q2,Pop/Rock,Pop/Rock,0
MT0005241699,MT0005241699,Q1,Pop/Rock,Pop/Rock,0
MT0005243931,MT0005243931,Q2,"Electronic,Pop/Rock",Pop/Rock,0
MT0005253065,MT0005253065,Q3,R&B,R&B,3
MT0005262725,MT0005262725,Q3,"Pop/Rock,Stage & Screen",Pop/Rock,0
MT0005285696,MT0005285696,Q4,"Children's,Pop/Rock",Pop/Rock,0
MT0005286165,MT0005286165,Q2,Pop/Rock,Pop/Rock,0
MT0005287506,MT0005287506,Q2,"Electronic,International,Pop/Rock",Pop/Rock,0
MT0005294278,MT0005294278,Q3,"Blues,Jazz,Vocal",Jazz,2
MT0005319891,MT0005319891,Q2,"Electronic,International,Pop/Rock",Pop/Rock,0
MT0005331755,MT0005331755,Q1,"Electronic,Pop/Rock",Pop/Rock,0
MT0005344437,MT0005344437,Q4,"Easy Listening,R&B",R&B,3
MT0005387539,MT0005387539,Q2,"International,Pop/Rock",Pop/Rock,0
MT0005404247,MT0005404247,Q3,"Country,Folk",Country,1
MT0005409948,MT0005409948,Q2,"Rap,Stage & Screen",Rap,4
MT0005411969,MT0005411969,Q2,Pop/Rock,Pop/Rock,0
MT0005417719,MT0005417719,Q2,Rap,Rap,4
MT0005422349,MT0005422349,Q4,"Jazz,Vocal",Jazz,2
MT0005426130,MT0005426130,Q1,"Pop/Rock,R&B",Pop/Rock,0
MT0005486154,MT0005486154,Q3,"Jazz,Pop/Rock",Pop/Rock,0
MT0005497233,MT0005497233,Q2,Rap,Rap,4
MT0005540023,MT0005540023,Q2,Pop/Rock,Pop/Rock,0
MT0005540907,MT0005540907,Q1,"Pop/Rock,R&B",Pop/Rock,0
MT0005550288,MT0005550288,Q2,Pop/Rock,Pop/Rock,0
MT0005567133,MT0005567133,Q2,Pop/Rock,Pop/Rock,0
MT0005568749,MT0005568749,Q3,Pop/Rock,Pop/Rock,0
MT0005575348,MT0005575348,Q3,"Blues,R&B",R&B,3
MT0005592810,MT0005592810,Q1,"Pop/Rock,R&B",Pop/Rock,0
MT0005593407,MT0005593407,Q3,"Blues,R&B",R&B,3
MT0005621435,MT0005621435,Q3,Jazz,Jazz,2
MT0005625323,MT0005625323,Q1,Pop/Rock,Pop/Rock,0
MT0005625762,MT0005625762,Q1,Rap,Rap,4
MT0005630273,MT0005630273,Q3,Pop/Rock,Pop/Rock,0
MT0005638160,MT0005638160,Q2,"Electronic,Pop/Rock",Pop/Rock,0
MT0005652563,MT0005652563,Q2,Pop/Rock,Pop/Rock,0
MT0005655655,MT0005655655,Q3,"Blues,R&B",R&B,3
MT0005656534,MT0005656534,Q4,"Holiday,Vocal",Vocal,6
MT0005660001,MT0005660001,Q1,Electronic,Electronic,5
MT0005666606,MT0005666606,Q1,Pop/Rock,Pop/Rock,0
MT0005675358,MT0005675358,Q2,"International,Pop/Rock",Pop/Rock,0
MT0005695311,MT0005695311,Q4,Pop/Rock,Pop/Rock,0
MT0005707044,MT0005707044,Q4,Religious,Religious,9
MT0005713768,MT0005713768,Q1,"Blues,Pop/Rock",Pop/Rock,0
MT0005715715,MT0005715715,Q1,Pop/Rock,Pop/Rock,0
A052,L102,Q2,"Heavy Metal,Pop/Rock",Pop/Rock,0
MT0005723257,MT0005723257,Q3,"Blues,R&B",R&B,3
MT0005727783,MT0005727783,Q3,"Jazz,Vocal",Jazz,2
MT0005740567,MT0005740567,Q3,Reggae,Reggae,8
A140-166,L030-166,Q2,Pop/Rock,Pop/Rock,0
MT0005752234,MT0005752234,Q1,Country,Country,1
MT0005763004,MT0005763004,Q1,Rap,Rap,4
MT0005774267,MT0005774267,Q2,Pop/Rock,Pop/Rock,0
MT0005775235,MT0005775235,Q4,"Country,Holiday",Country,1
MT0005802574,MT0005802574,Q1,Pop/Rock,Pop/Rock,0
MT0005822671,MT0005822671,Q2,Pop/Rock,Pop/Rock,0
MT0005826176,MT0005826176,Q2,"Electronic,Techno,Club/Dance,Rave",Electronic,5
MT0005827376,MT0005827376,Q4,R&B,R&B,3
MT0005830128,MT0005830128,Q4,"Pop/Rock,R&B",Pop/Rock,0
MT0005850999,MT0005850999,Q4,Reggae,Reggae,8
MT0005884980,MT0005884980,Q4,"Classical,Easy Listening,Holiday,Vocal",Vocal,6
MT0005916227,MT0005916227,Q3,Blues,Blues,7
MT0005944471,MT0005944471,Q1,"Latin,Pop/Rock",Pop/Rock,0
MT0005959692,MT0005959692,Q4,"International,Pop/Rock",Pop/Rock,0
MT0005963165,MT0005963165,Q3,"Electronic,Pop/Rock",Pop/Rock,0
MT0006001707,MT0006001707,Q2,"Electronic,Pop/Rock",Pop/Rock,0
MT0006007936,MT0006007936,Q2,"Rap,Political Rap,East Coast Rap,Golden Age,Hardcore Rap",Rap,4
MT0006022752,MT0006022752,Q3,Blues,Blues,7
MT0006036535,MT0006036535,Q3,Jazz,Jazz,2
MT0006037085,MT0006037085,Q4,"Country,Holiday",Country,1
MT0006039798,MT0006039798,Q3,Country,Country,1
MT0006044445,MT0006044445,Q4,"Country,Religious",Country,1
A067-104,L117-104,Q4,"Contemporary Celtic,Celtic,International,Celtic New Age",International,10
MT0006067841,MT0006067841,Q2,"Electronic,International,Pop/Rock",Pop/Rock,0
MT0006078896,MT0006078896,Q2,Pop/Rock,Pop/Rock,0
MT0006114773,MT0006114773,Q1,Pop/Rock,Pop/Rock,0
MT0006115121,MT0006115121,Q4,Country,Country,1
MT0006129774,MT0006129774,Q4,"Jazz,Vocal",Jazz,2
MT0006137300,MT0006137300,Q4,Religious,Religious,9
MT0006137372,MT0006137372,Q3,Pop/Rock,Pop/Rock,0
MT0006159067,MT0006159067,Q3,Blues,Blues,7
MT0006164654,MT0006164654,Q4,"Folk,Pop/Rock",Pop/Rock,0
MT0006169551,MT0006169551,Q4,Folk,Folk,12
MT0006188933,MT0006188933,Q1,"Folk,Pop/Rock",Pop/Rock,0
MT0006256204,MT0006256204,Q2,Pop/Rock,Pop/Rock,0
MT0006324704,MT0006324704,Q4,"International,Pop/Rock",Pop/Rock,0
MT0006348382,MT0006348382,Q4,Country,Country,1
MT0006357085,MT0006357085,Q1,"Electronic,Pop/Rock",Pop/Rock,0
MT0006357849,MT0006357849,Q1,"Electronic,Pop/Rock",Pop/Rock,0
MT0006365604,MT0006365604,Q2,Rap,Rap,4
MT0006367176,MT0006367176,Q1,"Latin,Pop/Rock",Pop/Rock,0
MT0006391732,MT0006391732,Q2,Pop/Rock,Pop/Rock,0
MT0006397809,MT0006397809,Q3,Reggae,Reggae,8
MT0006400514,MT0006400514,Q3,"Folk,Pop/Rock",Pop/Rock,0
MT0006406298,MT0006406298,Q1,Pop/Rock,Pop/Rock,0
MT0006410285,MT0006410285,Q3,Reggae,Reggae,8
MT0006417602,MT0006417602,Q3,Country,Country,1
MT0006421356,MT0006421356,Q3,Country,Country,1
MT0006431184,MT0006431184,Q1,Folk,Folk,12
MT0006434833,MT0006434833,Q2,"Electronic,International,Pop/Rock",Pop/Rock,0
MT0006475078,MT0006475078,Q4,Vocal,Vocal,6
MT0006484633,MT0006484633,Q2,"Electronic,International,Pop/Rock",Pop/Rock,0
MT0006487635,MT0006487635,Q2,"International,Pop/Rock",Pop/Rock,0
MT0006492385,MT0006492385,Q3,"Blues,Jazz,Vocal",Jazz,2
MT0006497092,MT0006497092,Q2,"Electronic,Pop/Rock",Pop/Rock,0
MT0006510599,MT0006510599,Q2,Pop/Rock,Pop/Rock,0
MT0006514225,MT0006514225,Q1,Pop/Rock,Pop/Rock,0
MT0006522591,MT0006522591,Q3,Pop/Rock,Pop/Rock,0
MT0006528309,MT0006528309,Q1,"Electronic,R&B",Electronic,5
MT0006540794,MT0006540794,Q1,"Pop/Rock,R&B",Pop/Rock,0
MT0006552038,MT0006552038,Q2,"Electronic,International,Pop/Rock",Pop/Rock,0
MT0006553309,MT0006553309,Q1,Country,Country,1
MT0006553914,MT0006553914,Q2,Electronic,Electronic,5
MT0006559667,MT0006559667,Q2,"Electronic,International,Pop/Rock",Pop/Rock,0
MT0006573563,MT0006573563,Q2,"Electronic,Pop/Rock",Pop/Rock,0
MT0006633147,MT0006633147,Q1,Latin,Latin,14
MT0006635536,MT0006635536,Q3,"Folk,Pop/Rock",Pop/Rock,0
MT0006640142,MT0006640142,Q2,Reggae,Reggae,8
MT0006641042,MT0006641042,Q2,"Electronic,International,Pop/Rock",Pop/Rock,0
MT0006654122,MT0006654122,Q3,Pop/Rock,Pop/Rock,0
MT0006683265,MT0006683265,Q2,"Electronic,Pop/Rock",Pop/Rock,0
MT0006695707,MT0006695707,Q2,Pop/Rock,Pop/Rock,0
MT0006708402,MT0006708402,Q3,Pop/Rock,Pop/Rock,0
MT0006713730,MT0006713730,Q3,"Folk,Pop/Rock",Pop/Rock,0
MT0006723128,MT0006723128,Q2,Pop/Rock,Pop/Rock,0
MT0006737689,MT0006737689,Q2,Pop/Rock,Pop/Rock,0
MT0006746691,MT0006746691,Q2,"Electronic,International,Pop/Rock",Pop/Rock,0
MT0006747288,MT0006747288,Q1,Folk,Folk,12
MT0006751087,MT0006751087,Q2,Pop/Rock,Pop/Rock,0
MT0006761058,MT0006761058,Q4,"Pop/Rock,R&B",Pop/Rock,0
MT0006770955,MT0006770955,Q1,"Pop/Rock,R&B",Pop/Rock,0
MT0006771406,MT0006771406,Q1,"Pop/Rock,R&B",Pop/Rock,0
MT0006773580,MT0006773580,Q2,"Electronic,International,Pop/Rock",Pop/Rock,0
MT0006778622,MT0006778622,Q2,Electronic,Electronic,5
MT0006784451,MT0006784451,Q2,"Electronic,International,Pop/Rock",Pop/Rock,0
MT0006790347,MT0006790347,Q2,"International,Pop/Rock",Pop/Rock,0
MT0006798861,MT0006798861,Q2,"Electronic,International,Pop/Rock",Pop/Rock,0
MT0006813360,MT0006813360,Q3,Pop/Rock,Pop/Rock,0
MT0006832360,MT0006832360,Q2,"Electronic,International,Pop/Rock",Pop/Rock,0
MT0006833696,MT0006833696,Q3,"Country,Pop/Rock",Pop/Rock,0
MT0006843007,MT0006843007,Q1,Pop/Rock,Pop/Rock,0
MT0006846075,MT0006846075,Q4,"Jazz,Vocal",Jazz,2
MT0006876450,MT0006876450,Q3,Pop/Rock,Pop/Rock,0
MT0006877397,MT0006877397,Q3,Pop/Rock,Pop/Rock,0
MT0006879985,MT0006879985,Q2,Rap,Rap,4
MT0006929157,MT0006929157,Q2,"Electronic,Rap",Electronic,5
MT0006933170,MT0006933170,Q2,Pop/Rock,Pop/Rock,0
A148-102,L038-102,Q1,Pop/Rock,Pop/Rock,0
MT0006937715,MT0006937715,Q1,Pop/Rock,Pop/Rock,0
MT0006939177,MT0006939177,Q2,Rap,Rap,4
MT0006955716,MT0006955716,Q4,"Classical,Holiday,Vocal",Vocal,6
MT0006983241,MT0006983241,Q4,"Comedy/Spoken,Holiday",Holiday,11
MT0007037296,MT0007037296,Q1,"Electronic,Pop/Rock",Pop/Rock,0
MT0007039082,MT0007039082,Q4,"Pop/Rock,Religious",Pop/Rock,0
MT0007043504,MT0007043504,Q2,Rap,Rap,4
MT0007051057,MT0007051057,Q3,"Blues,R&B",R&B,3
MT0007051188,MT0007051188,Q4,"Rap,Religious",Rap,4
MT0007053424,MT0007053424,Q4,"Comedy/Spoken,Jazz",Jazz,2
MT0007067293,MT0007067293,Q1,"Electronic,Pop/Rock",Pop/Rock,0
MT0007071481,MT0007071481,Q2,Rap,Rap,4
MT0007072992,MT0007072992,Q4,"Jazz,Vocal",Jazz,2
MT0007075838,MT0007075838,Q2,Pop/Rock,Pop/Rock,0
MT0007081433,MT0007081433,Q4,"Country,Pop/Rock",Pop/Rock,0
MT0007087238,MT0007087238,Q4,"Comedy/Spoken,Holiday",Holiday,11
MT0007102148,MT0007102148,Q3,"Blues,R&B",R&B,3
MT0007102997,MT0007102997,Q4,"Jazz,Vocal",Jazz,2
MT0007106784,MT0007106784,Q3,"Blues,R&B",R&B,3
MT0007109938,MT0007109938,Q2,Rap,Rap,4
MT0007113915,MT0007113915,Q3,"Electronic,Pop/Rock",Pop/Rock,0
MT0007117290,MT0007117290,Q1,"Electronic,Pop/Rock",Pop/Rock,0
MT0007127869,MT0007127869,Q2,Pop/Rock,Pop/Rock,0
MT0007132421,MT0007132421,Q1,"Electronic,Latin,Pop/Rock",Pop/Rock,0
MT0007136180,MT0007136180,Q1,"Comedy/Spoken,Pop/Rock",Pop/Rock,0
MT0007142175,MT0007142175,Q4,Pop/Rock,Pop/Rock,0
MT0007147603,MT0007147603,Q1,Blues,Blues,7
MT0007186714,MT0007186714,Q4,Country,Country,1
MT0007190016,MT0007190016,Q1,Pop/Rock,Pop/Rock,0
MT0007210245,MT0007210245,Q2,Pop/Rock,Pop/Rock,0
MT0007269020,MT0007269020,Q2,"Electronic,Pop/Rock",Pop/Rock,0
MT0007280044,MT0007280044,Q3,Pop/Rock,Pop/Rock,0
MT0007329488,MT0007329488,Q1,"Electronic,Pop/Rock,R&B",Pop/Rock,0
MT0007337206,MT0007337206,Q2,Pop/Rock,Pop/Rock,0
MT0007349422,MT0007349422,Q2,Rap,Rap,4
MT0007350911,MT0007350911,Q1,"Jazz,R&B",R&B,3
MT0007353661,MT0007353661,Q4,"Folk,Pop/Rock",Pop/Rock,0
MT0007356476,MT0007356476,Q4,"Stage & Screen,Vocal",Vocal,6
MT0007379700,MT0007379700,Q2,Pop/Rock,Pop/Rock,0
MT0007384768,MT0007384768,Q1,R&B,R&B,3
MT0007390015,MT0007390015,Q1,R&B,R&B,3
MT0007393408,MT0007393408,Q2,"Electronic,Pop/Rock",Pop/Rock,0
MT0007410187,MT0007410187,Q3,Vocal,Vocal,6
MT0007412399,MT0007412399,Q3,"Pop/Rock,R&B",Pop/Rock,0
MT0007412921,MT0007412921,Q4,"Electronic,Pop/Rock,Rap,Stage & Screen",Pop/Rock,0
MT0007413949,MT0007413949,Q2,"Electronic,Pop/Rock",Pop/Rock,0
MT0007433643,MT0007433643,Q4,"Deep Soul,Southern Soul,Soul,R&B",R&B,3
A104-119,L154-119,Q1,"Contemporary Pop/Rock,Teen Pop,Pop/Rock",Pop/Rock,0
MT0007442223,MT0007442223,Q2,"Electronic,Pop/Rock",Pop/Rock,0
MT0007453719,MT0007453719,Q4,"Jazz,Vocal",Jazz,2
MT0007477802,MT0007477802,Q3,"Country,Pop/Rock",Pop/Rock,0
MT0007522436,MT0007522436,Q2,Rap,Rap,4
MT0007556029,MT0007556029,Q4,"Folk,Vocal",Vocal,6
MT0007602902,MT0007602902,Q2,Pop/Rock,Pop/Rock,0
MT0007607008,MT0007607008,Q1,Rap,Rap,4
MT0007627521,MT0007627521,Q2,"International,Pop/Rock",Pop/Rock,0
MT0007644103,MT0007644103,Q1,R&B,R&B,3
MT0007663424,MT0007663424,Q2,Pop/Rock,Pop/Rock,0
MT0007696006,MT0007696006,Q2,"Electronic,Pop/Rock",Pop/Rock,0
A085-69,L135-69,Q3,"Alternative/Indie Rock,Pop/Rock,Celtic Rock,Contemporary Pop/Rock,Alternative Pop/Rock,Adult Alternative Pop/Rock",Pop/Rock,0
MT0007728545,MT0007728545,Q3,Vocal,Vocal,6
MT0007757097,MT0007757097,Q1,Country,Country,1
MT0007766156,MT0007766156,Q4,"Jazz,Latin",Jazz,2
MT0007806202,MT0007806202,Q2,"Electronic,International,Pop/Rock",Pop/Rock,0
MT0007825188,MT0007825188,Q2,"International,Pop/Rock",Pop/Rock,0
MT0007832902,MT0007832902,Q2,"International,Pop/Rock",Pop/Rock,0
MT0007859380,MT0007859380,Q1,"Jazz,Vocal",Jazz,2
MT0007860263,MT0007860263,Q3,"Blues,Jazz,Vocal",Jazz,2
MT0007866540,MT0007866540,Q2,Rap,Rap,4
MT0007868583,MT0007868583,Q1,Pop/Rock,Pop/Rock,0
MT0007924549,MT0007924549,Q2,"International,Pop/Rock",Pop/Rock,0
MT0007934529,MT0007934529,Q2,"International,Pop/Rock",Pop/Rock,0
MT0007939281,MT0007939281,Q2,"International,Pop/Rock",Pop/Rock,0
MT0007959122,MT0007959122,Q2,"Electronic,Pop/Rock",Pop/Rock,0
MT0007961100,MT0007961100,Q2,"International,Pop/Rock",Pop/Rock,0
MT0007983016,MT0007983016,Q4,Pop/Rock,Pop/Rock,0
MT0007991638,MT0007991638,Q2,"Electronic,Pop/Rock",Pop/Rock,0
MT0008029439,MT0008029439,Q1,Country,Country,1
MT0008046899,MT0008046899,Q1,Country,Country,1
MT0008077878,MT0008077878,Q2,Pop/Rock,Pop/Rock,0
MT0008084656,MT0008084656,Q2,Pop/Rock,Pop/Rock,0
MT0008105399,MT0008105399,Q1,Country,Country,1
MT0008120072,MT0008120072,Q3,"Blues,R&B",R&B,3
MT0008130158,MT0008130158,Q2,"Electronic,International,Pop/Rock",Pop/Rock,0
MT0008138963,MT0008138963,Q3,"Country,Pop/Rock",Pop/Rock,0
MT0008154135,MT0008154135,Q4,Pop/Rock,Pop/Rock,0
MT0008166431,MT0008166431,Q1,"Electronic,Pop/Rock",Pop/Rock,0
MT0008184180,MT0008184180,Q2,Pop/Rock,Pop/Rock,0
MT0008211502,MT0008211502,Q1,Pop/Rock,Pop/Rock,0
A086-123,L136-123,Q1,"House,Dance-Pop,Pop/Rock,Club/Dance,Electronic,R&B,Urban",Pop/Rock,0
MT0008236217,MT0008236217,Q1,Pop/Rock,Pop/Rock,0
MT0008236389,MT0008236389,Q2,"Electronic,R&B",Electronic,5
MT0008237717,MT0008237717,Q1,"Pop/Rock,R&B",Pop/Rock,0
MT0008241153,MT0008241153,Q3,"Blues,R&B",R&B,3
A105-117,L155-117,Q1,"Electronic,R&B",Electronic,5
MT0008276763,MT0008276763,Q1,"Electronic,Pop/Rock",Pop/Rock,0
MT0008296972,MT0008296972,Q3,"Pop/Rock,Vocal",Pop/Rock,0
MT0008307905,MT0008307905,Q2,Pop/Rock,Pop/Rock,0
MT0008308461,MT0008308461,Q1,"Electronic,Pop/Rock",Pop/Rock,0
A160-149,L050-149,Q1,R&B,R&B,3
MT0008313843,MT0008313843,Q1,Pop/Rock,Pop/Rock,0
MT0008327012,MT0008327012,Q3,"Blues,R&B",R&B,3
MT0008347586,MT0008347586,Q2,Rap,Rap,4
MT0008352590,MT0008352590,Q2,Rap,Rap,4
MT0008361425,MT0008361425,Q2,Pop/Rock,Pop/Rock,0
MT0008363189,MT0008363189,Q1,R&B,R&B,3
MT0008363839,MT0008363839,Q1,Religious,Religious,9
MT0008368311,MT0008368311,Q3,Blues,Blues,7
MT0008371251,MT0008371251,Q1,R&B,R&B,3
MT0008385501,MT0008385501,Q2,Pop/Rock,Pop/Rock,0
MT0008386252,MT0008386252,Q2,"Electronic,International,Pop/Rock",Pop/Rock,0
MT0008401073,MT0008401073,Q1,"Country,Pop/Rock",Pop/Rock,0
MT0008408635,MT0008408635,Q4,Religious,Religious,9
MT0008421900,MT0008421900,Q4,"Country,Pop/Rock,Religious",Pop/Rock,0
A127-133,L017-133,Q2,"Heavy Metal,Hard Rock,Pop/Rock",Pop/Rock,0
MT0008425616,MT0008425616,Q2,"International,Pop/Rock",Pop/Rock,0
MT0008428932,MT0008428932,Q3,"Folk,International",International,10
MT0008431795,MT0008431795,Q1,R&B,R&B,3
MT0008493270,MT0008493270,Q3,"Avant-Garde,New Age,Pop/Rock",Pop/Rock,0
MT0008511909,MT0008511909,Q2,Rap,Rap,4
MT0008530072,MT0008530072,Q2,"International,Pop/Rock",Pop/Rock,0
MT0008530652,MT0008530652,Q4,"Country,Pop/Rock",Pop/Rock,0
MT0008537015,MT0008537015,Q1,Pop/Rock,Pop/Rock,0
MT0008548050,MT0008548050,Q4,Reggae,Reggae,8
MT0008554680,MT0008554680,Q2,Pop/Rock,Pop/Rock,0
MT0008570712,MT0008570712,Q2,"R&B,Rap",R&B,3
MT0008573252,MT0008573252,Q2,"Electronic,International,Pop/Rock",Pop/Rock,0
MT0008578405,MT0008578405,Q2,Pop/Rock,Pop/Rock,0
MT0008596505,MT0008596505,Q4,"Holiday,R&B",R&B,3
MT0008596537,MT0008596537,Q2,"Electronic,International,Pop/Rock",Pop/Rock,0
MT0008602863,MT0008602863,Q2,Rap,Rap,4
MT0008632122,MT0008632122,Q1,"Electronic,Pop/Rock",Pop/Rock,0
MT0008635124,MT0008635124,Q2,"International,Pop/Rock",Pop/Rock,0
MT0008649724,MT0008649724,Q2,"Electronic,International,Pop/Rock",Pop/Rock,0
MT0008672387,MT0008672387,Q1,"Electronic,Pop/Rock",Pop/Rock,0
MT0008673460,MT0008673460,Q1,"Electronic,R&B",Electronic,5
MT0008684978,MT0008684978,Q1,"Pop/Rock,R&B",Pop/Rock,0
MT0008709705,MT0008709705,Q3,Blues,Blues,7
MT0008740787,MT0008740787,Q4,"Country,Religious",Country,1
MT0008750426,MT0008750426,Q4,Jazz,Jazz,2
A090-94,L140-94,Q2,Rap,Rap,4
MT0008790106,MT0008790106,Q4,Pop/Rock,Pop/Rock,0
MT0008790360,MT0008790360,Q2,"International,Pop/Rock",Pop/Rock,0
MT0008791082,MT0008791082,Q2,"Electronic,International,Pop/Rock",Pop/Rock,0
MT0008806305,MT0008806305,Q2,"International,Pop/Rock",Pop/Rock,0
MT0008813307,MT0008813307,Q3,Pop/Rock,Pop/Rock,0
MT0008813309,MT0008813309,Q1,"Electronic,R&B",Electronic,5
A084-75,L134-75,Q3,"Adult Contemporary,Contemporary R&B,R&B,Pop/Rock",Pop/Rock,0
MT0008863436,MT0008863436,Q2,Pop/Rock,Pop/Rock,0
MT0008882630,MT0008882630,Q2,Pop/Rock,Pop/Rock,0
MT0008883788,MT0008883788,Q3,"Country,Folk,Pop/Rock",Pop/Rock,0
A039,L089,Q1,"Disco,R&B,Swedish Pop/Rock,Euro-Pop,Contemporary Pop/Rock,Pop/Rock",Pop/Rock,0
MT0008960612,MT0008960612,Q3,"Blues,R&B",R&B,3
MT0008969183,MT0008969183,Q3,Pop/Rock,Pop/Rock,0
MT0008972801,MT0008972801,Q1,"Electronic,Latin,Pop/Rock,R&B",Pop/Rock,0
A035,L085,Q3,"Neo-Prog,Prog-Rock,Heavy Metal,Hard Rock,Progressive Metal,Pop/Rock",Pop/Rock,0
MT0008999898,MT0008999898,Q3,"Blues,Folk",Blues,7
MT0009005900,MT0009005900,Q1,Country,Country,1
MT0009008051,MT0009008051,Q3,"Pop/Rock,Rap",Pop/Rock,0
MT0009010830,MT0009010830,Q1,"Electronic,Latin,Pop/Rock,R&B",Pop/Rock,0
MT0009025845,MT0009025845,Q3,Pop/Rock,Pop/Rock,0
MT0009041370,MT0009041370,Q2,"Electronic,International,Pop/Rock",Pop/Rock,0
MT0009041848,MT0009041848,Q1,"R&B,Rap",R&B,3
MT0009075362,MT0009075362,Q4,"Electronic,Pop/Rock,R&B",Pop/Rock,0
MT0009112823,MT0009112823,Q4,"Pop/Rock,Rap",Pop/Rock,0
MT0009117202,MT0009117202,Q2,Rap,Rap,4
MT0009123251,MT0009123251,Q2,"International,Pop/Rock",Pop/Rock,0
MT0009164591,MT0009164591,Q3,Country,Country,1
MT0009164605,MT0009164605,Q1,"Pop/Rock,R&B",Pop/Rock,0
MT0009169626,MT0009169626,Q3,"Folk,Pop/Rock",Pop/Rock,0
MT0009172291,MT0009172291,Q2,Pop/Rock,Pop/Rock,0
MT0009188643,MT0009188643,Q1,Reggae,Reggae,8
MT0009206381,MT0009206381,Q1,"Pop/Rock,R&B",Pop/Rock,0
MT0009208842,MT0009208842,Q1,Country,Country,1
MT0009213083,MT0009213083,Q1,"Electronic,R&B",Electronic,5
MT0009217411,MT0009217411,Q2,Rap,Rap,4
MT0009220462,MT0009220462,Q3,"Country,Folk,International",Country,1
MT0009233872,MT0009233872,Q1,Pop/Rock,Pop/Rock,0
MT0009239443,MT0009239443,Q2,"International,Pop/Rock",Pop/Rock,0
MT0009253379,MT0009253379,Q1,"Electronic,R&B",Electronic,5
MT0009263768,MT0009263768,Q3,Country,Country,1
MT0009300582,MT0009300582,Q3,"Alternative/Indie Rock,Alternative Dance,Trip-Hop,Pop/Rock,Electronic,Electronica",Pop/Rock,0
MT0009312856,MT0009312856,Q3,Country,Country,1
MT0009319587,MT0009319587,Q2,Pop/Rock,Pop/Rock,0
MT0009320357,MT0009320357,Q2,Pop/Rock,Pop/Rock,0
MT0009346128,MT0009346128,Q2,"Folk,Pop/Rock",Pop/Rock,0
MT0009348908,MT0009348908,Q2,"Folk,Pop/Rock",Pop/Rock,0
MT0009360971,MT0009360971,Q2,Pop/Rock,Pop/Rock,0
MT0009375581,MT0009375581,Q4,"Jazz,Vocal",Jazz,2
MT0009378909,MT0009378909,Q1,"Electronic,R&B",Electronic,5
MT0009385684,MT0009385684,Q3,Pop/Rock,Pop/Rock,0
MT0009390091,MT0009390091,Q1,R&B,R&B,3
MT0009425259,MT0009425259,Q2,Pop/Rock,Pop/Rock,0
MT0009430339,MT0009430339,Q2,Pop/Rock,Pop/Rock,0
MT0009464817,MT0009464817,Q3,"Folk,Pop/Rock,R&B",Pop/Rock,0
MT0009469599,MT0009469599,Q3,Country,Country,1
MT0009495280,MT0009495280,Q3,Pop/Rock,Pop/Rock,0
MT0009495284,MT0009495284,Q3,Pop/Rock,Pop/Rock,0
MT0009495285,MT0009495285,Q3,Pop/Rock,Pop/Rock,0
MT0009619048,MT0009619048,Q3,"International,Pop/Rock",Pop/Rock,0
MT0009631750,MT0009631750,Q2,"Electronic,International,Pop/Rock",Pop/Rock,0
MT0009635389,MT0009635389,Q2,"Electronic,Pop/Rock",Pop/Rock,0
MT0009635394,MT0009635394,Q2,"Electronic,Pop/Rock",Pop/Rock,0
MT0009635397,MT0009635397,Q2,"Electronic,Pop/Rock",Pop/Rock,0
MT0009693151,MT0009693151,Q3,Pop/Rock,Pop/Rock,0
MT0009740290,MT0009740290,Q4,"Country,Pop/Rock",Pop/Rock,0
MT0009741521,MT0009741521,Q4,Holiday,Holiday,11
MT0009741760,MT0009741760,Q4,"Holiday,Pop/Rock",Pop/Rock,0
MT0009741774,MT0009741774,Q4,"Holiday,Jazz,Vocal",Jazz,2
MT0009781899,MT0009781899,Q3,Country,Country,1
MT0009795009,MT0009795009,Q4,"Holiday,International,New Age,Pop/Rock",Pop/Rock,0
MT0009868354,MT0009868354,Q4,"Holiday,Vocal",Vocal,6
MT0009872131,MT0009872131,Q2,Pop/Rock,Pop/Rock,0
A193,L193,Q2,"Contemporary Pop/Rock,Pop/Rock,Album Rock,Arena Rock",Pop/Rock,0
MT0009908994,MT0009908994,Q2,Pop/Rock,Pop/Rock,0
MT0009996318,MT0009996318,Q3,"Jazz,Vocal",Jazz,2
MT0010007878,MT0010007878,Q3,Pop/Rock,Pop/Rock,0
MT0010007881,MT0010007881,Q3,Pop/Rock,Pop/Rock,0
MT0010007882,MT0010007882,Q3,Pop/Rock,Pop/Rock,0
MT0010049476,MT0010049476,Q4,Country,Country,1
MT0010065686,MT0010065686,Q1,Rap,Rap,4
MT0010083757,MT0010083757,Q4,"Country,Folk",Country,1
MT0010085729,MT0010085729,Q1,Rap,Rap,4
MT0010100277,MT0010100277,Q2,Pop/Rock,Pop/Rock,0
MT0010100278,MT0010100278,Q1,Pop/Rock,Pop/Rock,0
MT0010100279,MT0010100279,Q1,Pop/Rock,Pop/Rock,0
MT0010100283,MT0010100283,Q3,Pop/Rock,Pop/Rock,0
MT0010100285,MT0010100285,Q1,Pop/Rock,Pop/Rock,0
MT0010100333,MT0010100333,Q1,Pop/Rock,Pop/Rock,0
A157-71,L047-71,Q3,"Singer/Songwriter,Psychedelic/Garage,Folk-Rock,British Invasion,Contemporary Pop/Rock,Early Pop/Rock,Pop/Rock",Pop/Rock,0
MT0010100428,MT0010100428,Q4,"Pop/Rock,Stage & Screen",Pop/Rock,0
MT0010203716,MT0010203716,Q4,"International,Reggae",International,10
MT0010257371,MT0010257371,Q3,Pop/Rock,Pop/Rock,0
MT0010261584,MT0010261584,Q4,Stage & Screen,Stage & Screen,13
MT0010261588,MT0010261588,Q1,Pop/Rock,Pop/Rock,0
MT0010278984,MT0010278984,Q4,"Pop/Rock,R&B",Pop/Rock,0
MT0010290775,MT0010290775,Q4,"Country,Holiday",Country,1
MT0010290785,MT0010290785,Q4,"Country,Holiday",Country,1
MT0010290788,MT0010290788,Q4,"Country,Holiday",Country,1
MT0010305995,MT0010305995,Q4,"Country,Holiday",Country,1
MT0010310891,MT0010310891,Q2,Pop/Rock,Pop/Rock,0
MT0010310894,MT0010310894,Q2,Pop/Rock,Pop/Rock,0
MT0010310896,MT0010310896,Q2,Pop/Rock,Pop/Rock,0
MT0010310898,MT0010310898,Q2,Pop/Rock,Pop/Rock,0
MT0010310899,MT0010310899,Q2,Pop/Rock,Pop/Rock,0
A128-109,L018-109,Q1,"Pop,Contemporary R&B,R&B",R&B,3
MT0010346228,MT0010346228,Q1,"Pop/Rock,Stage & Screen",Pop/Rock,0
MT0010368848,MT0010368848,Q1,Pop/Rock,Pop/Rock,0
MT0010375510,MT0010375510,Q3,Reggae,Reggae,8
MT0010379209,MT0010379209,Q4,"International,Pop/Rock",Pop/Rock,0
MT0010405928,MT0010405928,Q2,Pop/Rock,Pop/Rock,0
MT0010444469,MT0010444469,Q4,Reggae,Reggae,8
MT0010468178,MT0010468178,Q3,Pop/Rock,Pop/Rock,0
MT0010477194,MT0010477194,Q2,Pop/Rock,Pop/Rock,0
MT0010481194,MT0010481194,Q2,Pop/Rock,Pop/Rock,0
MT0010482550,MT0010482550,Q1,"Blues,R&B",R&B,3
MT0010487366,MT0010487366,Q2,Pop/Rock,Pop/Rock,0
MT0010487702,MT0010487702,Q2,"Heavy Metal,Speed/Thrash Metal,Pop/Rock",Pop/Rock,0
MT0010502078,MT0010502078,Q2,Rap,Rap,4
MT0010510852,MT0010510852,Q1,Jazz,Jazz,2
MT0010512527,MT0010512527,Q4,"Stage & Screen,Vocal",Vocal,6
MT0010526041,MT0010526041,Q2,Pop/Rock,Pop/Rock,0
MT0010548963,MT0010548963,Q1,Pop/Rock,Pop/Rock,0
MT0010552303,MT0010552303,Q1,Pop/Rock,Pop/Rock,0
MT0010574326,MT0010574326,Q1,"Pop/Rock,R&B",Pop/Rock,0
MT0010582452,MT0010582452,Q4,Reggae,Reggae,8
MT0010612023,MT0010612023,Q2,Rap,Rap,4
MT0010616215,MT0010616215,Q2,Rap,Rap,4
MT0010617945,MT0010617945,Q1,"Country,Electronic,Pop/Rock",Pop/Rock,0
MT0010623104,MT0010623104,Q2,Rap,Rap,4
MT0010624346,MT0010624346,Q2,Rap,Rap,4
MT0010630017,MT0010630017,Q3,Country,Country,1
MT0010670378,MT0010670378,Q4,"Jazz,Pop/Rock,Vocal",Pop/Rock,0
MT0010674530,MT0010674530,Q3,Pop/Rock,Pop/Rock,0
MT0010674859,MT0010674859,Q3,"Country,Pop/Rock",Pop/Rock,0
MT0010687397,MT0010687397,Q2,"Alternative/Indie Rock,Alternative Metal,Industrial,Industrial Metal",Alternative/Indie Rock,16
MT0010705334,MT0010705334,Q1,"Electronic,Pop/Rock,R&B",Pop/Rock,0
MT0010706869,MT0010706869,Q1,"Electronic,R&B",Electronic,5
MT0010710874,MT0010710874,Q3,"Blues,Jazz",Jazz,2
MT0010715611,MT0010715611,Q2,"Electronic,Pop/Rock",Pop/Rock,0
MT0010723658,MT0010723658,Q3,Pop/Rock,Pop/Rock,0
MT0010723756,MT0010723756,Q4,"Easy Listening,Jazz",Jazz,2
MT0010736208,MT0010736208,Q2,Rap,Rap,4
MT0010736281,MT0010736281,Q2,Pop/Rock,Pop/Rock,0
MT0010751134,MT0010751134,Q3,Country,Country,1
MT0010753520,MT0010753520,Q3,"Easy Listening,Pop/Rock",Pop/Rock,0
MT0010754290,MT0010754290,Q1,"Electronic,Pop/Rock,R&B",Pop/Rock,0
MT0010755212,MT0010755212,Q1,Pop/Rock,Pop/Rock,0
MT0010777106,MT0010777106,Q1,Vocal,Vocal,6
MT0010815151,MT0010815151,Q3,"Blues,Jazz,Vocal",Jazz,2
MT0010823031,MT0010823031,Q3,Blues,Blues,7
MT0010850805,MT0010850805,Q3,Blues,Blues,7
MT0010857270,MT0010857270,Q2,Pop/Rock,Pop/Rock,0
MT0010883435,MT0010883435,Q1,"R&B,Stage & Screen",R&B,3
MT0010897525,MT0010897525,Q2,Pop/Rock,Pop/Rock,0
MT0010902792,MT0010902792,Q1,Pop/Rock,Pop/Rock,0
MT0010922381,MT0010922381,Q2,Pop/Rock,Pop/Rock,0
MT0010967419,MT0010967419,Q4,R&B,R&B,3
MT0010978213,MT0010978213,Q2,Rap,Rap,4
MT0010980499,MT0010980499,Q4,"Pop/Rock,Religious",Pop/Rock,0
MT0010983830,MT0010983830,Q2,Pop/Rock,Pop/Rock,0
MT0011095825,MT0011095825,Q3,"Avant-Garde,Pop/Rock",Pop/Rock,0
MT0011145388,MT0011145388,Q2,Rap,Rap,4
MT0011162069,MT0011162069,Q3,Country,Country,1
MT0011204639,MT0011204639,Q1,Pop/Rock,Pop/Rock,0
MT0011252708,MT0011252708,Q2,Rap,Rap,4
MT0011292112,MT0011292112,Q4,"Country,Holiday",Country,1
MT0011302120,MT0011302120,Q4,"Folk,Pop/Rock",Pop/Rock,0
MT0011308097,MT0011308097,Q3,Pop/Rock,Pop/Rock,0
MT0011322528,MT0011322528,Q2,Pop/Rock,Pop/Rock,0
MT0011332604,MT0011332604,Q4,"Stage & Screen,Vocal",Vocal,6
MT0011342337,MT0011342337,Q3,R&B,R&B,3
MT0011348776,MT0011348776,Q2,Rap,Rap,4
MT0011353873,MT0011353873,Q2,"Heavy Metal,Hard Rock,Pop/Rock",Pop/Rock,0
MT0011361934,MT0011361934,Q2,Pop/Rock,Pop/Rock,0
MT0011387901,MT0011387901,Q2,Pop/Rock,Pop/Rock,0
MT0011391187,MT0011391187,Q3,Blues,Blues,7
MT0011391356,MT0011391356,Q2,Rap,Rap,4
A030,L080,Q4,"Rock & Roll,Pop/Rock",Pop/Rock,0
MT0011395375,MT0011395375,Q4,"International,New Age,Pop/Rock",Pop/Rock,0
MT0011403548,MT0011403548,Q4,Country,Country,1
MT0011426003,MT0011426003,Q2,Rap,Rap,4
MT0011448773,MT0011448773,Q1,Pop/Rock,Pop/Rock,0
MT0011487003,MT0011487003,Q1,"Electronic,Latin,Pop/Rock",Pop/Rock,0
MT0011510700,MT0011510700,Q1,Pop/Rock,Pop/Rock,0
MT0011558921,MT0011558921,Q1,"Blues,Pop/Rock",Pop/Rock,0
MT0011594970,MT0011594970,Q3,"Jazz,Vocal",Jazz,2
MT0011659985,MT0011659985,Q4,"Jazz,Vocal",Jazz,2
MT0011677264,MT0011677264,Q3,"Electronic,Pop/Rock",Pop/Rock,0
MT0011711878,MT0011711878,Q4,Country,Country,1
MT0011716005,MT0011716005,Q1,Pop/Rock,Pop/Rock,0
MT0011741035,MT0011741035,Q3,Pop/Rock,Pop/Rock,0
MT0011767762,MT0011767762,Q1,Pop/Rock,Pop/Rock,0
MT0011772341,MT0011772341,Q1,Country,Country,1
MT0011776369,MT0011776369,Q4,"Children's,Pop/Rock",Pop/Rock,0
MT0011800641,MT0011800641,Q3,"Country,Pop/Rock",Pop/Rock,0
MT0011808566,MT0011808566,Q1,Pop/Rock,Pop/Rock,0
MT0011809659,MT0011809659,Q4,"Pop/Rock,R&B",Pop/Rock,0
MT0011818239,MT0011818239,Q4,Pop/Rock,Pop/Rock,0
MT0011821215,MT0011821215,Q1,"Country,Pop/Rock",Pop/Rock,0
MT0011827018,MT0011827018,Q3,"Avant-Garde,Pop/Rock",Pop/Rock,0
MT0011842354,MT0011842354,Q3,"Country,Pop/Rock",Pop/Rock,0
MT0011847514,MT0011847514,Q1,"Electronic,Pop/Rock",Pop/Rock,0
MT0011861922,MT0011861922,Q1,R&B,R&B,3
MT0011878109,MT0011878109,Q1,Pop/Rock,Pop/Rock,0
MT0011879943,MT0011879943,Q2,Pop/Rock,Pop/Rock,0
MT0011881944,MT0011881944,Q1,Blues,Blues,7
MT0011886864,MT0011886864,Q3,Blues,Blues,7
MT0011894681,MT0011894681,Q3,Blues,Blues,7
MT0011895910,MT0011895910,Q1,R&B,R&B,3
MT0011896804,MT0011896804,Q4,"Holiday,Pop/Rock",Pop/Rock,0
MT0011908274,MT0011908274,Q4,"Holiday,Pop/Rock",Pop/Rock,0
MT0011909571,MT0011909571,Q1,"Rock & Roll,Pop/Rock,Contemporary Pop/Rock,British Invasion,Merseybeat,Early Pop/Rock",Pop/Rock,0
MT0011914836,MT0011914836,Q1,Pop/Rock,Pop/Rock,0
MT0011920419,MT0011920419,Q1,Blues,Blues,7
MT0011922905,MT0011922905,Q4,"Children's,Pop/Rock",Pop/Rock,0
MT0011924283,MT0011924283,Q1,R&B,R&B,3
MT0011924316,MT0011924316,Q2,"Electronic,International,Pop/Rock",Pop/Rock,0
MT0011924930,MT0011924930,Q1,"Holiday,Pop/Rock,R&B",Pop/Rock,0
MT0011928183,MT0011928183,Q1,"Rockabilly,Pop/Rock,Early Pop/Rock,Rock & Roll",Pop/Rock,0
MT0011929096,MT0011929096,Q4,Pop/Rock,Pop/Rock,0
MT0011933875,MT0011933875,Q1,"Pop/Rock,R&B",Pop/Rock,0
MT0011937155,MT0011937155,Q2,"Heavy Metal,Speed/Thrash Metal",Heavy Metal,17
MT0011937271,MT0011937271,Q3,"Jazz,Vocal",Jazz,2
MT0011940781,MT0011940781,Q2,"Heavy Metal,Speed/Thrash Metal,Pop/Rock",Pop/Rock,0
MT0011943335,MT0011943335,Q2,"Heavy Metal,Speed/Thrash Metal,Pop/Rock",Pop/Rock,0
MT0011944405,MT0011944405,Q2,"Heavy Metal,Speed/Thrash Metal",Heavy Metal,17
MT0011945841,MT0011945841,Q2,"Heavy Metal,Speed/Thrash Metal,Pop/Rock",Pop/Rock,0
MT0011950450,MT0011950450,Q1,"Holiday,Pop/Rock",Pop/Rock,0
MT0011957429,MT0011957429,Q1,R&B,R&B,3
MT0011959819,MT0011959819,Q2,Pop/Rock,Pop/Rock,0
MT0011961925,MT0011961925,Q3,Country,Country,1
MT0011963777,MT0011963777,Q2,Pop/Rock,Pop/Rock,0
MT0011975274,MT0011975274,Q2,"R&B,Rap",R&B,3
MT0011982393,MT0011982393,Q4,"Jazz,Vocal",Jazz,2
MT0011999773,MT0011999773,Q1,"Electronic,Pop/Rock,R&B",Pop/Rock,0
MT0012000832,MT0012000832,Q4,Reggae,Reggae,8
MT0012001409,MT0012001409,Q2,Rap,Rap,4
MT0012001684,MT0012001684,Q1,"Electronic,R&B",Electronic,5
MT0012004909,MT0012004909,Q3,Country,Country,1
MT0012004929,MT0012004929,Q1,"Pop/Rock, R&B",Pop/Rock,0
MT0012005920,MT0012005920,Q1,Country,Country,1
MT0012009054,MT0012009054,Q2,Pop/Rock,Pop/Rock,0
MT0012013969,MT0012013969,Q3,Country,Country,1
MT0012016955,MT0012016955,Q1,R&B,R&B,3
MT0012017035,MT0012017035,Q4,Holiday,Holiday,11
MT0012028572,MT0012028572,Q2,"Gangsta Rap,Hardcore Rap,West Coast Rap,Golden Age,Rap",Rap,4
MT0012030545,MT0012030545,Q2,"Golden Age,Gangsta Rap,West Coast Rap,Hardcore Rap,Rap",Rap,4
MT0012030591,MT0012030591,Q1,"Electronic,R&B",Electronic,5
MT0012030863,MT0012030863,Q2,Rap,Rap,4
MT0012031327,MT0012031327,Q2,"Hardcore Rap,West Coast Rap,Golden Age,Gangsta Rap,Rap",Rap,4
MT0012034242,MT0012034242,Q4,"New Age,Religious",Religious,9
MT0012041920,MT0012041920,Q1,Country,Country,1
MT0012067911,MT0012067911,Q3,Blues,Blues,7
MT0012122028,MT0012122028,Q2,Pop/Rock,Pop/Rock,0
MT0012317309,MT0012317309,Q3,Blues,Blues,7
MT0012330276,MT0012330276,Q4,Stage & Screen,Stage & Screen,13
MT0012333553,MT0012333553,Q4,"Avant-Garde,Pop/Rock",Pop/Rock,0
MT0012396528,MT0012396528,Q1,"Blues,Pop/Rock",Pop/Rock,0
MT0012398546,MT0012398546,Q1,"Blues,Pop/Rock",Pop/Rock,0
MT0012430736,MT0012430736,Q1,"Blues,Pop/Rock,R&B",Pop/Rock,0
MT0012455611,MT0012455611,Q1,Pop/Rock,Pop/Rock,0
MT0012459878,MT0012459878,Q3,Pop/Rock,Pop/Rock,0
MT0012505137,MT0012505137,Q4,"Country,Holiday",Country,1
MT0012619690,MT0012619690,Q1,Vocal,Vocal,6
MT0012634038,MT0012634038,Q3,Pop/Rock,Pop/Rock,0
MT0012637285,MT0012637285,Q3,Pop/Rock,Pop/Rock,0
MT0012639323,MT0012639323,Q1,Pop/Rock,Pop/Rock,0
MT0012645597,MT0012645597,Q2,Pop/Rock,Pop/Rock,0
A177,L177,Q2,"Pop/Rock,Post-Grunge,Alternative/Indie Rock,Punk Revival,Alternative Pop/Rock,Pop Punk",Pop/Rock,0
MT0012697686,MT0012697686,Q1,Jazz,Jazz,2
MT0012698055,MT0012698055,Q4,"Holiday,Pop/Rock",Pop/Rock,0
MT0012738934,MT0012738934,Q2,"Pop/Rock,Punk/New Wave,Punk,British Punk",Pop/Rock,0
MT0012740185,MT0012740185,Q4,Vocal,Vocal,6
MT0012773883,MT0012773883,Q4,"Jazz,Vocal",Jazz,2
MT0012777233,MT0012777233,Q1,Electronic,Electronic,5
MT0012811141,MT0012811141,Q3,Country,Country,1
MT0012844418,MT0012844418,Q3,Country,Country,1
MT0012854734,MT0012854734,Q3,Country,Country,1
MT0012855159,MT0012855159,Q2,Pop/Rock,Pop/Rock,0
MT0012862507,MT0012862507,Q4,"Country,Pop/Rock,Reggae",Pop/Rock,0
MT0012863101,MT0012863101,Q1,"Album Rock,Contemporary Pop/Rock,Soft Rock,Pop/Rock",Pop/Rock,0
MT0012865192,MT0012865192,Q2,Pop/Rock,Pop/Rock,0
MT0012900592,MT0012900592,Q2,"Electronic,Pop/Rock",Pop/Rock,0
MT0012930833,MT0012930833,Q2,Rap,Rap,4
MT0012988776,MT0012988776,Q3,Country,Country,1
MT0013003902,MT0013003902,Q4,"Blues,Jazz,Vocal",Jazz,2
MT0013056573,MT0013056573,Q4,"Stage & Screen,Vocal",Vocal,6
MT0013056830,MT0013056830,Q4,Country,Country,1
MT0013064857,MT0013064857,Q1,Pop/Rock,Pop/Rock,0
MT0013087767,MT0013087767,Q2,Pop/Rock,Pop/Rock,0
MT0013101577,MT0013101577,Q1,Pop/Rock,Pop/Rock,0
MT0013115311,MT0013115311,Q4,Pop/Rock,Pop/Rock,0
MT0013161246,MT0013161246,Q3,"Latin,Pop/Rock",Pop/Rock,0
MT0013177702,MT0013177702,Q4,"Easy Listening,Jazz,Vocal",Jazz,2
MT0013184611,MT0013184611,Q1,"Blues,Pop/Rock",Pop/Rock,0
MT0013186132,MT0013186132,Q1,"Rock & Roll,Pop/Rock",Pop/Rock,0
MT0013193016,MT0013193016,Q4,"Country,Pop/Rock",Pop/Rock,0
MT0013201347,MT0013201347,Q1,Pop/Rock,Pop/Rock,0
MT0013209458,MT0013209458,Q3,Blues,Blues,7
MT0013216725,MT0013216725,Q2,Rap,Rap,4
MT0013219857,MT0013219857,Q3,"Blues,Jazz",Jazz,2
MT0013236693,MT0013236693,Q1,Pop/Rock,Pop/Rock,0
MT0013260233,MT0013260233,Q3,Country,Country,1
MT0013280170,MT0013280170,Q4,Blues,Blues,7
MT0013305827,MT0013305827,Q4,Country,Country,1
MT0013349760,MT0013349760,Q3,Country,Country,1
MT0013350034,MT0013350034,Q1,"Stage & Screen,Vocal",Vocal,6
MT0013411556,MT0013411556,Q4,R&B,R&B,3
MT0013416300,MT0013416300,Q3,R&B,R&B,3
MT0013418800,MT0013418800,Q2,Pop/Rock,Pop/Rock,0
MT0013524535,MT0013524535,Q2,"Electronic,Rap",Electronic,5
MT0013583287,MT0013583287,Q1,Latin,Latin,14
MT0013590244,MT0013590244,Q1,"R&B,Stage & Screen",R&B,3
MT0013602925,MT0013602925,Q2,Pop/Rock,Pop/Rock,0
MT0013612461,MT0013612461,Q2,Rap,Rap,4
MT0013613711,MT0013613711,Q2,Pop/Rock,Pop/Rock,0
MT0013616609,MT0013616609,Q2,Rap,Rap,4
MT0013676763,MT0013676763,Q4,Country,Country,1
MT0013678986,MT0013678986,Q1,"Electronic,International,Pop/Rock",Pop/Rock,0
MT0013693326,MT0013693326,Q4,"Country,Pop/Rock",Pop/Rock,0
MT0013743441,MT0013743441,Q2,Pop/Rock,Pop/Rock,0
MT0013746403,MT0013746403,Q3,Country,Country,1
MT0013751364,MT0013751364,Q2,"West Coast Rap,Gangsta Rap,Hardcore Rap,Golden Age,Rap",Rap,4
MT0013752990,MT0013752990,Q2,Pop/Rock,Pop/Rock,0
MT0013758625,MT0013758625,Q1,Pop/Rock,Pop/Rock,0
MT0013764945,MT0013764945,Q3,Country,Country,1
MT0013795989,MT0013795989,Q1,"Alternative/Indie Rock,Pop/Rock,Alternative Pop/Rock,Alternative Rap,Rap",Pop/Rock,0
MT0013800071,MT0013800071,Q1,"Pop/Rock,R&B",Pop/Rock,0
MT0013833732,MT0013833732,Q4,"Country,Pop/Rock",Pop/Rock,0
MT0013881862,MT0013881862,Q2,Pop/Rock,Pop/Rock,0
MT0013900095,MT0013900095,Q1,Pop/Rock,Pop/Rock,0
MT0013924254,MT0013924254,Q1,"Contemporary Pop/Rock,Rock & Roll,British Invasion,Pop/Rock",Pop/Rock,0
MT0013929650,MT0013929650,Q1,"Blues,Stage & Screen",Blues,7
MT0013955066,MT0013955066,Q4,"International,Latin,Pop/Rock",Pop/Rock,0
MT0013960578,MT0013960578,Q1,Country,Country,1
MT0014082915,MT0014082915,Q1,"Blues,Jazz,Vocal",Jazz,2
MT0014118699,MT0014118699,Q3,Vocal,Vocal,6
MT0014121590,MT0014121590,Q2,Pop/Rock,Pop/Rock,0
MT0014135173,MT0014135173,Q2,Pop/Rock,Pop/Rock,0
MT0014209882,MT0014209882,Q2,Rap,Rap,4
MT0014439055,MT0014439055,Q2,"Electronic,International,Pop/Rock",Pop/Rock,0
MT0014498396,MT0014498396,Q4,"New Age,Pop/Rock,Religious",Pop/Rock,0
MT0014554353,MT0014554353,Q1,"Electronic,Pop/Rock,R&B",Pop/Rock,0
MT0014555701,MT0014555701,Q1,"Electronic,Pop/Rock,R&B",Pop/Rock,0
MT0014581361,MT0014581361,Q2,Pop/Rock,Pop/Rock,0
MT0014584319,MT0014584319,Q4,R&B,R&B,3
MT0014584473,MT0014584473,Q3,"Blues,R&B",R&B,3
MT0014586720,MT0014586720,Q1,"Pop/Rock,R&B",Pop/Rock,0
MT0014594482,MT0014594482,Q2,Pop/Rock,Pop/Rock,0
MT0014612093,MT0014612093,Q4,"R&B,Rap",R&B,3
MT0014619583,MT0014619583,Q1,R&B,R&B,3
MT0014650353,MT0014650353,Q4,Reggae,Reggae,8
MT0014665667,MT0014665667,Q3,"Holiday,Pop/Rock",Pop/Rock,0
MT0014665693,MT0014665693,Q3,"Pop/Rock,R&B",Pop/Rock,0
MT0014693814,MT0014693814,Q3,"Country,Pop/Rock",Pop/Rock,0
MT0014752461,MT0014752461,Q4,R&B,R&B,3
MT0014756127,MT0014756127,Q2,Pop/Rock,Pop/Rock,0
MT0014781093,MT0014781093,Q1,Pop/Rock,Pop/Rock,0
MT0014798420,MT0014798420,Q3,Rap,Rap,4
MT0014804830,MT0014804830,Q3,Pop/Rock,Pop/Rock,0
A196,L196,Q1,"Pop/Rock,Girl Groups,Motown,Soul,R&B,Pop-Soul",Pop/Rock,0
MT0014826870,MT0014826870,Q4,R&B,R&B,3
MT0014859055,MT0014859055,Q2,Pop/Rock,Pop/Rock,0
MT0014880463,MT0014880463,Q2,Rap,Rap,4
MT0014936205,MT0014936205,Q3,"Pop/Rock,R&B",Pop/Rock,0
MT0014948707,MT0014948707,Q2,"Electronic,Rap",Electronic,5
MT0014957211,MT0014957211,Q2,"Electronic,Rap",Electronic,5
MT0014974957,MT0014974957,Q2,"Electronic,Pop/Rock",Pop/Rock,0
MT0014980594,MT0014980594,Q2,Pop/Rock,Pop/Rock,0
MT0014997916,MT0014997916,Q2,"R&B,Rap",R&B,3
MT0015019608,MT0015019608,Q2,"Electronic,Pop/Rock",Pop/Rock,0
MT0015026293,MT0015026293,Q4,"Comedy/Spoken,Holiday",Holiday,11
MT0015028144,MT0015028144,Q1,"Pop/Rock,Religious",Pop/Rock,0
MT0015034564,MT0015034564,Q2,"Electronic,Pop/Rock",Pop/Rock,0
MT0015428521,MT0015428521,Q1,Jazz,Jazz,2
A178,L178,Q4,"Singer/Songwriter,Soft Rock,Album Rock,Contemporary Pop/Rock,Pop/Rock",Pop/Rock,0
MT0015465230,MT0015465230,Q3,"Jazz,Vocal",Jazz,2
A019,L069,Q1,"Sunshine Pop,Baroque Pop,Early Pop/Rock,Contemporary Pop/Rock,Pop/Rock",Pop/Rock,0
MT0015469804,MT0015469804,Q2,Rap,Rap,4
MT0015506396,MT0015506396,Q4,"New Age,Pop/Rock,Religious",Pop/Rock,0
MT0015506741,MT0015506741,Q4,"New Age,Pop/Rock,Religious",Pop/Rock,0
MT0015511866,MT0015511866,Q1,"New Age,Pop/Rock,Religious",Pop/Rock,0
MT0015541501,MT0015541501,Q2,Pop/Rock,Pop/Rock,0
MT0015546206,MT0015546206,Q1,R&B,R&B,3
MT0015599764,MT0015599764,Q3,Rap,Rap,4
MT0015706588,MT0015706588,Q4,Blues,Blues,7
A097-152,L147-152,Q3,"Traditional Pop,Adult Contemporary,Pop/Rock,Vocal Pop,Vocal",Pop/Rock,0
MT0015883602,MT0015883602,Q3,Country,Country,1
MT0015889071,MT0015889071,Q2,Pop/Rock,Pop/Rock,0
A153-130,L043-130,Q1,"Electronic,Euro-Dance,Club/Dance",Electronic,5
MT0015929505,MT0015929505,Q3,Country,Country,1
MT0015940634,MT0015940634,Q2,"Electronic,Pop/Rock",Pop/Rock,0
MT0015950558,MT0015950558,Q2,Rap,Rap,4
MT0015962332,MT0015962332,Q2,Electronic,Electronic,5
MT0015971175,MT0015971175,Q2,Rap,Rap,4
A080-92,L130-92,Q2,"Post-Hardcore,Alternative/Indie Rock,Screamo,Pop/Rock",Pop/Rock,0
MT0016469828,MT0016469828,Q3,Reggae,Reggae,8
MT0016743722,MT0016743722,Q2,Rap,Rap,4
MT0016770768,MT0016770768,Q1,Pop/Rock,Pop/Rock,0
MT0016887233,MT0016887233,Q4,"Classical,Pop/Rock",Pop/Rock,0
MT0016897938,MT0016897938,Q4,"Classical,Pop/Rock",Pop/Rock,0
MT0016913402,MT0016913402,Q3,Pop/Rock,Pop/Rock,0
MT0016915093,MT0016915093,Q2,Rap,Rap,4
MT0016918508,MT0016918508,Q1,Rap,Rap,4
MT0016932218,MT0016932218,Q4,"Easy Listening,Holiday,Jazz,New Age",Jazz,2
MT0016933152,MT0016933152,Q3,Country,Country,1
MT0016971741,MT0016971741,Q1,"Pop/Rock,R&B",Pop/Rock,0
MT0016976154,MT0016976154,Q3,Country,Country,1
MT0017031590,MT0017031590,Q1,Pop/Rock,Pop/Rock,0
MT0017657810,MT0017657810,Q1,R&B,R&B,3
MT0018031959,MT0018031959,Q1,"Pop/Rock,Stage & Screen",Pop/Rock,0
MT0018044514,MT0018044514,Q3,Pop/Rock,Pop/Rock,0
MT0018376280,MT0018376280,Q4,"Country,Religious",Country,1
MT0018450519,MT0018450519,Q1,R&B,R&B,3
A073-143,L123-143,Q3,"Contemporary Singer/Songwriter,Alternative/Indie Rock,Adult Alternative Pop/Rock,Pop/Rock",Pop/Rock,0
MT0018669856,MT0018669856,Q2,Pop/Rock,Pop/Rock,0
MT0019352491,MT0019352491,Q4,Rap,Rap,4
MT0019766193,MT0019766193,Q3,"Electronic,Pop/Rock",Pop/Rock,0
MT0020034314,MT0020034314,Q2,Pop/Rock,Pop/Rock,0
MT0026135542,MT0026135542,Q1,Jazz,Jazz,2
MT0026236933,MT0026236933,Q3,Pop/Rock,Pop/Rock,0
MT0026330298,MT0026330298,Q3,Jazz,Jazz,2
MT0026378461,MT0026378461,Q3,"Country,Folk,Pop/Rock",Pop/Rock,0
MT0026624084,MT0026624084,Q2,"Electronic,Pop/Rock",Pop/Rock,0
A176,L176,Q2,"Heavy Metal,Alternative Metal,Pop/Rock",Pop/Rock,0
MT0026681751,MT0026681751,Q2,Pop/Rock,Pop/Rock,0
MT0026697228,MT0026697228,Q3,"Jazz,Vocal",Jazz,2
MT0026712161,MT0026712161,Q4,R&B,R&B,3
MT0026727455,MT0026727455,Q1,"R&B,Reggae",R&B,3
MT0026753145,MT0026753145,Q1,"Electronic,Pop/Rock,R&B",Pop/Rock,0
MT0026753827,MT0026753827,Q1,Religious,Religious,9
MT0026776967,MT0026776967,Q4,"Country,Pop/Rock",Pop/Rock,0
MT0026790435,MT0026790435,Q1,Rap,Rap,4
MT0026811443,MT0026811443,Q3,"Folk,International",International,10
MT0026826094,MT0026826094,Q3,Pop/Rock,Pop/Rock,0
MT0026898936,MT0026898936,Q2,Pop/Rock,Pop/Rock,0
MT0026900439,MT0026900439,Q1,R&B,R&B,3
MT0026903849,MT0026903849,Q2,Pop/Rock,Pop/Rock,0
MT0026933516,MT0026933516,Q1,R&B,R&B,3
MT0026971941,MT0026971941,Q4,"Country,Pop/Rock",Pop/Rock,0
MT0026972072,MT0026972072,Q4,"Easy Listening,Jazz",Jazz,2
MT0026985012,MT0026985012,Q2,"Golden Age,Gangsta Rap,West Coast Rap,Hardcore Rap,Rap",Rap,4
MT0026987140,MT0026987140,Q2,Pop/Rock,Pop/Rock,0
MT0026990793,MT0026990793,Q2,"Comedy/Spoken,Rap",Rap,4
MT0027023212,MT0027023212,Q4,"Jazz,Vocal",Jazz,2
MT0027072382,MT0027072382,Q1,"Adult Contemporary,Dance-Pop,Contemporary Pop/Rock,Pop/Rock,Club/Dance",Pop/Rock,0
MT0027112893,MT0027112893,Q1,Pop/Rock,Pop/Rock,0
MT0027149420,MT0027149420,Q1,"Electronic,Latin,Pop/Rock,R&B",Pop/Rock,0
MT0027182657,MT0027182657,Q3,Country,Country,1
MT0027317557,MT0027317557,Q2,Rap,Rap,4
MT0027535695,MT0027535695,Q1,Country,Country,1
MT0027696140,MT0027696140,Q1,Rap,Rap,4
MT0027797339,MT0027797339,Q1,"International,Pop/Rock",Pop/Rock,0
MT0027976714,MT0027976714,Q4,"Jazz,Vocal",Jazz,2
MT0028081047,MT0028081047,Q2,Pop/Rock,Pop/Rock,0
MT0028172888,MT0028172888,Q2,"Electronic,Pop/Rock",Pop/Rock,0
MT0028228337,MT0028228337,Q4,Reggae,Reggae,8
MT0028242839,MT0028242839,Q4,"Jazz,Vocal",Jazz,2
MT0028293340,MT0028293340,Q4,"Country,Pop/Rock",Pop/Rock,0
MT0028335228,MT0028335228,Q4,New Age,New Age,15
MT0028338292,MT0028338292,Q3,Pop/Rock,Pop/Rock,0
MT0028345470,MT0028345470,Q2,"Electronic,International,Pop/Rock",Pop/Rock,0
MT0028348785,MT0028348785,Q2,Pop/Rock,Pop/Rock,0
MT0028372740,MT0028372740,Q1,"Electronic,Pop/Rock,R&B",Pop/Rock,0
MT0028374210,MT0028374210,Q4,R&B,R&B,3
MT0028445777,MT0028445777,Q1,Pop/Rock,Pop/Rock,0
MT0028452849,MT0028452849,Q1,Pop/Rock,Pop/Rock,0
MT0028498801,MT0028498801,Q4,R&B,R&B,3
MT0028569169,MT0028569169,Q4,"Country,Religious",Country,1
MT0028587966,MT0028587966,Q4,"Country,Religious",Country,1
MT0028609181,MT0028609181,Q4,Reggae,Reggae,8
MT0028615001,MT0028615001,Q1,"Pop/Rock,R&B",Pop/Rock,0
MT0028623145,MT0028623145,Q2,Pop/Rock,Pop/Rock,0
MT0028627699,MT0028627699,Q1,R&B,R&B,3
MT0028691865,MT0028691865,Q3,Blues,Blues,7
MT0028694655,MT0028694655,Q4,"Easy Listening,Jazz",Jazz,2
MT0028750297,MT0028750297,Q2,Pop/Rock,Pop/Rock,0
MT0028753982,MT0028753982,Q4,"Holiday,Jazz,Vocal",Jazz,2
MT0028758101,MT0028758101,Q4,"International,New Age",International,10
MT0028772639,MT0028772639,Q2,Pop/Rock,Pop/Rock,0
MT0028790582,MT0028790582,Q2,Rap,Rap,4
MT0028798040,MT0028798040,Q2,Pop/Rock,Pop/Rock,0
MT0028798502,MT0028798502,Q4,"Easy Listening,Jazz",Jazz,2
MT0028810869,MT0028810869,Q2,Pop/Rock,Pop/Rock,0
MT0028813196,MT0028813196,Q4,R&B,R&B,3
MT0028915582,MT0028915582,Q3,Country,Country,1
MT0028937743,MT0028937743,Q1,"Latin,Pop/Rock",Pop/Rock,0
MT0028942506,MT0028942506,Q4,"Jazz,Vocal",Jazz,2
A032,L082,Q4,"New Age,Celtic New Age,Adult Alternative,International,Celtic,Contemporary Celtic",International,10
MT0029065626,MT0029065626,Q1,Pop/Rock,Pop/Rock,0
MT0029091265,MT0029091265,Q4,"Country,Religious",Country,1
MT0029133325,MT0029133325,Q3,"Electronic,Pop/Rock",Pop/Rock,0
MT0029196396,MT0029196396,Q2,Pop/Rock,Pop/Rock,0
MT0029825641,MT0029825641,Q1,Pop/Rock,Pop/Rock,0
MT0029861029,MT0029861029,Q3,Blues,Blues,7
MT0030007733,MT0030007733,Q4,Reggae,Reggae,8
MT0030074137,MT0030074137,Q3,Pop/Rock,Pop/Rock,0
MT0030097307,MT0030097307,Q3,"Folk,Pop/Rock",Pop/Rock,0
MT0030160582,MT0030160582,Q2,"Comedy/Spoken,Rap",Rap,4
MT0030177407,MT0030177407,Q2,Pop/Rock,Pop/Rock,0
MT0030184605,MT0030184605,Q2,Pop/Rock,Pop/Rock,0
MT0030203700,MT0030203700,Q3,Country,Country,1
MT0030203729,MT0030203729,Q2,Pop/Rock,Pop/Rock,0
MT0030212531,MT0030212531,Q4,"Folk,Pop/Rock",Pop/Rock,0
MT0030214520,MT0030214520,Q2,Pop/Rock,Pop/Rock,0
MT0030247926,MT0030247926,Q3,Blues,Blues,7
MT0030248025,MT0030248025,Q1,"Stage & Screen,Vocal",Vocal,6
MT0030289937,MT0030289937,Q3,"Jazz,Vocal",Jazz,2
MT0030291182,MT0030291182,Q1,"Jazz,Pop/Rock",Pop/Rock,0
MT0030319227,MT0030319227,Q4,"Pop/Rock,Vocal",Pop/Rock,0
MT0030324011,MT0030324011,Q2,Pop/Rock,Pop/Rock,0
A004,L054,Q3,"Outlaw Country,Country",Country,1
MT0030349080,MT0030349080,Q1,R&B,R&B,3
MT0030362174,MT0030362174,Q4,"Country,Pop/Rock",Pop/Rock,0
MT0030362299,MT0030362299,Q1,"Jazz,Vocal",Jazz,2
MT0030481692,MT0030481692,Q4,Blues,Blues,7
MT0030484925,MT0030484925,Q1,"Blues,R&B",R&B,3
MT0030499533,MT0030499533,Q4,R&B,R&B,3
MT0030504803,MT0030504803,Q3,Pop/Rock,Pop/Rock,0
MT0030646708,MT0030646708,Q4,"Pop/Rock,Stage & Screen",Pop/Rock,0
MT0030968017,MT0030968017,Q3,"Blues,R&B",R&B,3
MT0031024722,MT0031024722,Q4,"Folk,Pop/Rock",Pop/Rock,0
MT0031049140,MT0031049140,Q3,Pop/Rock,Pop/Rock,0
MT0031375281,MT0031375281,Q4,"Country,Religious",Country,1
MT0031548988,MT0031548988,Q1,"Pop/Rock,R&B",Pop/Rock,0
MT0031618741,MT0031618741,Q4,Religious,Religious,9
MT0031693432,MT0031693432,Q3,"Blues,Jazz",Jazz,2
MT0031733848,MT0031733848,Q4,"Blues,Jazz,Vocal",Jazz,2
MT0031826295,MT0031826295,Q4,Country,Country,1
MT0031826774,MT0031826774,Q4,"Holiday,Vocal",Vocal,6
MT0031834881,MT0031834881,Q1,Pop/Rock,Pop/Rock,0
MT0031868141,MT0031868141,Q1,Latin,Latin,14
MT0031875986,MT0031875986,Q2,Pop/Rock,Pop/Rock,0
MT0031893087,MT0031893087,Q4,Pop/Rock,Pop/Rock,0
MT0031903528,MT0031903528,Q3,"Blues,Pop/Rock,R&B",Pop/Rock,0
MT0031917087,MT0031917087,Q1,Pop/Rock,Pop/Rock,0
MT0031924755,MT0031924755,Q2,Rap,Rap,4
MT0031925901,MT0031925901,Q2,Pop/Rock,Pop/Rock,0
A010,L060,Q2,"Pop/Rock,Hard Rock,Alternative/Indie Rock,Alternative Pop/Rock,Grunge",Pop/Rock,0
MT0031979912,MT0031979912,Q1,Pop/Rock,Pop/Rock,0
MT0031996487,MT0031996487,Q4,Reggae,Reggae,8
MT0031996897,MT0031996897,Q1,"Electronic,Pop/Rock",Pop/Rock,0
MT0032048707,MT0032048707,Q4,Pop/Rock,Pop/Rock,0
A092-96,L142-96,Q1,"Rock & Roll,Contemporary Pop/Rock,Pop/Rock",Pop/Rock,0
MT0032060949,MT0032060949,Q4,"Country,R&B",R&B,3
MT0032093528,MT0032093528,Q4,"Jazz,Vocal",Jazz,2
MT0032157716,MT0032157716,Q2,Rap,Rap,4
MT0032332758,MT0032332758,Q1,Pop/Rock,Pop/Rock,0
MT0032628164,MT0032628164,Q4,"Folk,Pop/Rock",Pop/Rock,0
A101-111,L151-111,Q1,"Club/Dance,Disco,R&B",R&B,3
MT0032643023,MT0032643023,Q3,Pop/Rock,Pop/Rock,0
MT0032651589,MT0032651589,Q2,Rap,Rap,4
MT0032665811,MT0032665811,Q2,Pop/Rock,Pop/Rock,0
MT0032673223,MT0032673223,Q1,"Blues,Pop/Rock",Pop/Rock,0
MT0032682675,MT0032682675,Q4,Pop/Rock,Pop/Rock,0
MT0032701682,MT0032701682,Q1,"Electronic,Pop/Rock",Pop/Rock,0
MT0032723940,MT0032723940,Q4,R&B,R&B,3
MT0032757175,MT0032757175,Q3,"Country,Pop/Rock",Pop/Rock,0
MT0032768117,MT0032768117,Q4,Reggae,Reggae,8
MT0032768122,MT0032768122,Q1,Jazz,Jazz,2
MT0032957418,MT0032957418,Q2,Rap,Rap,4
MT0033061162,MT0033061162,Q4,Pop/Rock,Pop/Rock,0
MT0033218453,MT0033218453,Q4,Folk,Folk,12
MT0033287096,MT0033287096,Q2,Pop/Rock,Pop/Rock,0
MT0033319941,MT0033319941,Q3,"Folk,Pop/Rock",Pop/Rock,0
MT0033345959,MT0033345959,Q3,"Jazz,Vocal",Jazz,2
MT0033376569,MT0033376569,Q4,"International,Reggae",International,10
MT0033381821,MT0033381821,Q1,Pop/Rock,Pop/Rock,0
MT0033397942,MT0033397942,Q4,"Country,Easy Listening",Country,1
MT0033430737,MT0033430737,Q1,Pop/Rock,Pop/Rock,0
A106-100,L156-100,Q3,"Contemporary R&B,R&B",R&B,3
MT0033459750,MT0033459750,Q4,"Folk,Pop/Rock",Pop/Rock,0
MT0033470806,MT0033470806,Q2,Rap,Rap,4
MT0033473090,MT0033473090,Q4,"Easy Listening,Jazz,Pop/Rock,Vocal",Pop/Rock,0
MT0033493473,MT0033493473,Q4,"Holiday,R&B",R&B,3
MT0033512773,MT0033512773,Q1,Pop/Rock,Pop/Rock,0
MT0033717316,MT0033717316,Q1,Rap,Rap,4
MT0033733581,MT0033733581,Q4,"Pop/Rock,Reggae",Pop/Rock,0
MT0033818006,MT0033818006,Q4,"Jazz,Pop/Rock,Vocal",Pop/Rock,0
MT0033841575,MT0033841575,Q1,"Electronic,Pop/Rock",Pop/Rock,0
MT0033958450,MT0033958450,Q1,"Holiday,Pop/Rock",Pop/Rock,0
MT0033974184,MT0033974184,Q2,Rap,Rap,4
MT0034013916,MT0034013916,Q2,Pop/Rock,Pop/Rock,0
MT0034094847,MT0034094847,Q3,Country,Country,1
MT0034113973,MT0034113973,Q2,Pop/Rock,Pop/Rock,0
MT0034125967,MT0034125967,Q1,"Comedy/Spoken,Country",Country,1
MT0034136847,MT0034136847,Q3,Blues,Blues,7
MT0034138322,MT0034138322,Q4,"Blues,Jazz",Jazz,2
A045,L095,Q3,"Traditional Country,Country",Country,1
MT0034191542,MT0034191542,Q4,"Holiday,Pop/Rock,R&B",Pop/Rock,0
MT0034197846,MT0034197846,Q3,"Jazz,Vocal",Jazz,2
MT0034211183,MT0034211183,Q1,"Electronic,Pop/Rock",Pop/Rock,0
MT0034225020,MT0034225020,Q4,"Easy Listening,Pop/Rock",Pop/Rock,0
MT0034230990,MT0034230990,Q4,"Pop/Rock,R&B",Pop/Rock,0
MT0034403951,MT0034403951,Q2,Pop/Rock,Pop/Rock,0
MT0034410340,MT0034410340,Q3,"Blues,Jazz",Jazz,2
MT0034426806,MT0034426806,Q2,Pop/Rock,Pop/Rock,0
MT0034518366,MT0034518366,Q3,Pop/Rock,Pop/Rock,0
MT0034549623,MT0034549623,Q3,Country,Country,1
MT0034560618,MT0034560618,Q3,Country,Country,1
MT0034563474,MT0034563474,Q1,Pop/Rock,Pop/Rock,0
MT0034574251,MT0034574251,Q3,Pop/Rock,Pop/Rock,0
MT0034577404,MT0034577404,Q4,"Folk,International,Pop/Rock",Pop/Rock,0
MT0034670435,MT0034670435,Q2,"International,Pop/Rock",Pop/Rock,0
MT0034677542,MT0034677542,Q1,"R&B,Rap",R&B,3
MT0034694413,MT0034694413,Q2,Pop/Rock,Pop/Rock,0
MT0034800740,MT0034800740,Q3,Pop/Rock,Pop/Rock,0
MT0034991842,MT0034991842,Q2,Pop/Rock,Pop/Rock,0
MT0034992204,MT0034992204,Q4,"Country,Pop/Rock",Pop/Rock,0
MT0034992958,MT0034992958,Q4,Reggae,Reggae,8
MT0034996484,MT0034996484,Q2,Pop/Rock,Pop/Rock,0
MT0035037927,MT0035037927,Q1,R&B,R&B,3
MT0035119161,MT0035119161,Q4,Pop/Rock,Pop/Rock,0
MT0035241675,MT0035241675,Q2,Pop/Rock,Pop/Rock,0
MT0035285414,MT0035285414,Q2,Pop/Rock,Pop/Rock,0
MT0035332435,MT0035332435,Q1,"Pop/Rock,R&B",Pop/Rock,0
MT0035332835,MT0035332835,Q2,Pop/Rock,Pop/Rock,0
MT0035833639,MT0035833639,Q3,Country,Country,1
MT0035974819,MT0035974819,Q3,"Country,Pop/Rock",Pop/Rock,0
MT0036368550,MT0036368550,Q1,Pop/Rock,Pop/Rock,0
A017,L067,Q4,"Soft Rock,Contemporary Pop/Rock,Pop/Rock",Pop/Rock,0
A061-66,L111-66,Q3,"Alternative/Indie Rock,Adult Alternative Pop/Rock,Pop/Rock",Pop/Rock,0
MT0041030749,MT0041030749,Q4,Holiday,Holiday,11
A168,L168,Q4,"Electronic,Ethnic Fusion,Club/Dance,New Age",Electronic,5
A096-68,L146-68,Q3,Pop/Rock,Pop/Rock,0
A191,L191,Q3,"Dance-Pop,Teen Pop,Pop/Rock",Pop/Rock,0
A172,L172,Q2,"Post-Grunge,Alternative Metal,Pop/Rock,Heavy Metal",Pop/Rock,0
A150-132,L040-132,Q2,"Pop/Rock,Heartland Rock",Pop/Rock,0
A034,L084,Q3,"Heavy Metal,Goth Metal,Doom Metal,Pop/Rock",Pop/Rock,0
A051,L101,Q2,"Pop/Rock,Speed/Thrash Metal,Heavy Metal",Pop/Rock,0
A167,L167,Q1,"Uptown Soul,Pop-Soul,R&B,Soul",R&B,3
A195,L195,Q3,"Pop,Pop/Rock",Pop/Rock,0
A055,L105,Q2,"Album Rock,Contemporary Pop/Rock,Rock & Roll,Hard Rock,Heartland Rock,Pop/Rock",Pop/Rock,0
A171,L171,Q3,"Adult Alternative Pop/Rock,Alternative/Indie Rock,Contemporary Singer/Songwriter",Alternative/Indie Rock,16
A095-113,L145-113,Q1,R&B,R&B,3
A088-136,L138-136,Q4,"Traditional Pop,Standards,Vocal,Vocal Jazz,Jazz",Jazz,2
A066-140,L116-140,Q4,"Holiday,Holidays,Christmas,Celtic New Age,Ethnic Fusion,Pop/Rock,Celtic,International,Adult Alternative,Alternative/Indie Rock,New Age,Contemporary Celtic,Adult Alternative Pop/Rock",Pop/Rock,0
A137-153,L027-153,Q4,"Jazz Blues,Vocal Jazz,Jazz,Alternative/Indie Rock,Adult Alternative Pop/Rock,Pop/Rock",Pop/Rock,0
A151-172,L041-172,Q2,"Hard Rock,Heavy Metal,Album Rock,British Metal,Pop/Rock",Pop/Rock,0
